,restaurant_name,restaurant_location,menu_item_price mean_non_zero,menu_item_price median_non_zero,menu_item_price std_non_zero,restaurant_rating mean,menu_item count,number_of_ratings first,cheeseburger,fries,specialty_item,hamburger,combo,state,zip,county_name,date,uber_eats,post_policy,fast_food,local
0,Burger King,"100 river oaks cove, georgetown, tx, 78626, us",3.841999999999999,2.89,2.109430254831858,,25,,2.19,2.69,5.89,2.89,,tx,78626,Williamson,2024-03-30,0,0,1,0
1,Burger King,"1001 east ben white boulevard, austin, tx, 78704, us",3.789999999999999,2.79,2.08474311274887,,26,,2.19,2.69,5.89,2.89,,tx,78704,Travis,2024-03-30,0,0,1,0
2,Burger King,"1004 north memorial parkway, huntsville, al, 35801, us",3.74185185185185,2.99,2.044209594670032,,27,,2.29,2.89,5.89,3.09,,al,35801,Madison,2024-03-30,0,0,1,0
3,Burger King,"2116 whitesburg drive, huntsville, al, 35801, us",3.74185185185185,2.99,2.044209594670032,,27,,2.29,2.89,5.89,3.09,,al,35801,Madison,2024-03-30,0,0,1,0
4,Burger King,"10205 e. freeway, houston, tx, 77013, us",3.657999999999999,2.59,2.078984367425595,,25,,1.89,2.49,5.49,2.59,,tx,77013,Harris,2024-03-30,0,0,1,0
5,Burger King,"1027 union ave, memphis, tn, 38104, us",3.7740000000000005,3.09,1.8149776858132445,,25,,2.19,3.09,5.59,3.39,,tn,38104,Shelby,2024-03-30,0,0,1,0
6,Burger King,"1330 poplar avenue, memphis, tn, 38104, us",3.7740000000000005,3.09,1.8149776858132445,,25,,2.19,3.09,5.59,3.39,,tn,38104,Shelby,2024-03-30,0,0,1,0
7,Burger King,"1075 south state street, orem, ut, 84097, us",4.04,3.29,2.3413096269461606,,26,,2.29,3.29,5.79,3.29,,ut,84097,Utah,2024-03-30,0,0,1,0
8,Burger King,"1094 federal road, houston, tx, 77015, us",3.657999999999999,2.59,2.078984367425595,,25,,1.89,2.49,5.49,2.59,,tx,77015,Harris,2024-03-30,0,0,1,0
9,Burger King,"11 west center street, orem, ut, 84057, us",4.04,3.29,2.3413096269461606,,26,,2.29,3.29,5.79,3.29,,ut,84057,Utah,2024-03-30,0,0,1,0
10,Burger King,"11001a fuqua, houston, tx, 77089, us",3.613076923076922,2.54,2.050948690860983,,26,,1.89,2.49,5.49,2.59,,tx,77089,Harris,2024-03-30,0,0,1,0
11,Burger King,"1104 north broadway, wichita, ks, 67214, us",4.5159259259259255,3.79,2.2621838993576606,,27,,2.59,3.79,6.59,3.79,,ks,67214,Sedgwick,2024-03-30,0,0,1,0
12,Burger King,"1107 73rd street, windsor heights, ia, 50324, us",4.139999999999998,3.19,2.1954936364499686,,26,,2.49,3.19,5.99,2.99,,ia,50324,Polk,2024-03-30,0,0,1,0
13,Burger King,"1131 lexington road, georgetown, ky, 40324, us",3.693999999999999,2.99,1.9777724843874234,,25,,1.99,2.99,5.19,2.79,,ky,40324,Scott,2024-03-30,0,0,1,0
14,Burger King,"11404 east northwest highway, dallas, tx, 75218, us",4.06037037037037,2.99,2.6434846271421555,,27,,1.89,2.79,6.19,2.99,,tx,75218,Dallas,2024-03-30,0,0,1,0
15,Burger King,"11711 abercorn st., savannah, ga, 31419, us",3.7974074074074053,2.99,2.0428603632281956,,27,,2.39,2.99,5.89,2.99,,ga,31419,Chatham,2024-03-30,0,0,1,0
16,Burger King,"1190 west sunset drive, waukesha, wi, 53189, us",4.265555555555555,3.29,2.6210859119885193,,27,,2.29,3.29,6.89,3.99,,wi,53189,Waukesha,2024-03-30,0,0,1,0
17,Burger King,"1197 berkshire blvd, reading, pa, 19610, us",3.923333333333332,2.99,2.077034923652964,,27,,2.49,2.89,5.79,3.29,,pa,19610,Berks,2024-03-30,0,0,1,0
18,Burger King,"120 brownswitch road, slidell, la, 70458, us",3.7751851851851845,2.99,1.9811526206850356,,27,,2.29,2.79,5.39,3.19,,la,70458,St. Tammany,2024-03-30,0,0,1,0
19,Burger King,"185 gause blvd., slidell, la, 70458, us",3.7751851851851845,2.99,1.9811526206850356,,27,,2.29,2.79,5.39,3.19,,la,70458,St. Tammany,2024-03-30,0,0,1,0
20,Burger King,"1200 west club boulevard, durham, nc, 27701, us",3.9066666666666663,3.09,2.1374959389175197,,24,,2.19,3.09,6.19,3.79,,nc,27701,Durham,2024-03-30,0,0,1,0
21,Burger King,"121 walmart drive, north versailles, pa, 15137, us",3.8938461538461526,3.09,1.9858113569929372,,26,,2.29,3.09,5.69,3.19,,pa,15137,Allegheny,2024-03-30,0,0,1,0
22,Burger King,"1212 west main street, lexington, sc, 29072, us",3.9799999999999995,3.42,1.89,,26,,2.99,3.29,5.89,3.55,,sc,29072,Lexington,2024-03-30,0,0,1,0
23,Burger King,"226 longs pond road, lexington, sc, 29072, us",3.9799999999999995,3.42,1.89,,26,,2.99,3.29,5.89,3.55,,sc,29072,Lexington,2024-03-30,0,0,1,0
24,Burger King,"1231 dolly parton pkwy, sevierville, tn, 37862, us",3.822,3.49,1.728055554662523,,25,,2.19,3.49,5.39,3.59,,tn,37862,Sevier,2024-03-30,0,0,1,0
25,Burger King,"412 forks of the river, sevierville, tn, 37862, us",3.822,3.49,1.728055554662523,,25,,2.19,3.49,5.39,3.59,,tn,37862,Sevier,2024-03-30,0,0,1,0
26,Burger King,"13200 north ih 35, austin, tx, 78753, us",3.813333333333331,2.99,2.1869698299329685,,27,,1.63,2.88,6.04,3.59,,tx,78753,Travis,2024-03-30,0,0,1,0
27,Burger King,"1371 saluda street, rock hill, sc, 29730, us",3.6660000000000004,3.09,1.7761261216478965,,25,,1.99,3.09,5.39,3.09,,sc,29730,York,2024-03-30,0,0,1,0
28,Burger King,"14 w de renne ave, savannah, ga, 31405, us",3.7974074074074053,2.99,2.0428603632281956,,27,,2.39,2.99,5.89,2.99,,ga,31405,Chatham,2024-03-30,0,0,1,0
29,Burger King,"1405 east court avenue, des moines, ia, 50316, us",4.04185185185185,3.19,2.2118151370027173,,27,,2.49,3.19,5.99,2.99,,ia,50316,Polk,2024-03-30,0,0,1,0
30,Burger King,"1408 lititz pike, lancaster, pa, 17601, us",3.6937037037037026,2.69,2.1857249804095398,,27,,1.99,2.69,5.69,2.99,,pa,17601,Lancaster,2024-03-30,0,0,1,0
31,Burger King,"141 north shore boulevard, slidell, la, 70460, us",3.7751851851851845,2.99,1.9811526206850356,,27,,2.29,2.79,5.39,3.19,,la,70460,St. Tammany,2024-03-30,0,0,1,0
32,Burger King,"1434 east tenth street, jeffersonville, in, 47130, us",3.8220000000000005,3.09,1.8763198021659313,,25,,2.19,3.09,5.69,3.59,,in,47130,Clark,2024-03-30,0,0,1,0
33,Burger King,"1501 charlotte avenue, nashville, tn, 37203, us",3.8740000000000006,3.29,1.8972991329782452,,25,,2.19,3.29,5.69,3.59,,tn,37203,Davidson,2024-03-30,0,0,1,0
34,Burger King,"1502, west chester, pa, 19382, us",4.471481481481481,3.29,2.4820894777551814,,27,,2.39,3.29,6.49,4.29,,pa,19382,Chester,2024-03-30,0,0,1,0
35,Burger King,"1521 columbus boulevard, philadelphia, pa, 19147, us",4.417599999999999,3.69,2.3515021241750986,,25,,2.39,3.69,7.19,4.29,,pa,19147,Philadelphia,2024-03-30,0,0,1,0
36,Burger King,"1524 6th avenue s, birmingham, al, 35233, us",3.7455555555555544,2.99,2.015005437605628,,27,,2.29,2.99,5.89,2.99,,al,35233,Jefferson,2024-03-30,0,0,1,0
37,Burger King,"2700 university blvd, birmingham, al, 35233, us",3.7455555555555544,2.99,2.015005437605628,,27,,2.29,2.99,5.89,2.99,,al,35233,Jefferson,2024-03-30,0,0,1,0
38,Burger King,"1533 n. peoria, tulsa, ok, 74106, us",3.7819230769230763,2.84,1.9821744455381263,,26,,1.99,2.79,5.19,2.79,,ok,74106,Tulsa,2024-03-30,0,0,1,0
39,Burger King,"1563 n peoria avenue, tulsa, ok, 74106, us",3.7819230769230763,2.84,1.9821744455381263,,26,,1.99,2.79,5.19,2.79,,ok,74106,Tulsa,2024-03-30,0,0,1,0
40,Burger King,"1599 highway 101 south, greer, sc, 29651, us",3.6660000000000004,3.09,1.7761261216478965,,25,,1.99,3.09,5.39,3.09,,sc,29651,Greenville,2024-03-30,0,0,1,0
41,Burger King,"1601 hwy 55, durham, nc, 27707, us",3.781599999999999,2.99,1.8937912873387077,,25,,2.49,2.7,5.99,2.99,,nc,27707,Durham,2024-03-30,0,0,1,0
42,Burger King,"1620 south loop west, houston, tx, 77054, us",3.613076923076922,2.54,2.050948690860983,,26,,1.89,2.49,5.49,2.59,,tx,77054,Harris,2024-03-30,0,0,1,0
43,Burger King,"1621 middle tennessee boulevard, murfreesboro, tn, 37130, us",3.8740000000000006,3.29,1.8972991329782452,,25,,2.19,3.29,5.69,3.59,,tn,37130,Rutherford,2024-03-30,0,0,1,0
44,Burger King,"1661 middle tennessee blvd, murfreesboro, tn, 37130, us",3.8740000000000006,3.29,1.8972991329782452,,25,,2.19,3.29,5.69,3.59,,tn,37130,Rutherford,2024-03-30,0,0,1,0
45,Burger King,"16800 caldwell creek drive, huntersville, nc, 28078, us",3.6660000000000004,3.09,1.7761261216478965,,25,,1.99,3.09,5.39,3.09,,nc,28078,Mecklenburg,2024-03-30,0,0,1,0
46,Burger King,"1738 w tilghman street, allentown, pa, 18104, us",4.005384615384614,2.99,2.0732160649751408,,26,,2.49,2.89,5.79,3.29,,pa,18104,Lehigh,2024-03-30,0,0,1,0
47,Burger King,"1804 4th street, lubbock, tx, 79415, us",4.06037037037037,2.99,2.6434846271421555,,27,,1.89,2.79,6.19,2.99,,tx,79415,Lubbock,2024-03-30,0,0,1,0
48,Burger King,"1817 indianapolis boulevard, whiting, in, 46394, us",3.806,2.79,2.0956488255430585,,25,,1.99,2.79,5.79,2.79,,in,46394,Lake,2024-03-30,0,0,1,0
49,Burger King,"1828 rock quarry road, raleigh, nc, 27610, us",3.7483333333333326,2.99,2.074029224052116,,24,,1.99,2.99,5.79,3.29,,nc,27610,Wake,2024-03-30,0,0,1,0
50,Burger King,"1841 south 14th street, milwaukee, wi, 53204, us",4.265555555555555,3.29,2.6210859119885193,,27,,2.29,3.29,6.89,3.99,,wi,53204,Milwaukee,2024-03-30,0,0,1,0
51,Burger King,"1901 route 286, pittsburgh, pa, 15239, us",3.878,3.29,1.932939730048508,,25,,2.19,3.29,5.79,3.39,,pa,15239,Allegheny,2024-03-30,0,0,1,0
52,Burger King,"1909 east pawnee, wichita, ks, 67211, us",4.5159259259259255,3.79,2.2621838993576606,,27,,2.59,3.79,6.59,3.79,,ks,67211,Sedgwick,2024-03-30,0,0,1,0
53,Burger King,"1911 mallory lane, franklin, tn, 37067, us",3.8740000000000006,3.29,1.8972991329782452,,25,,2.19,3.29,5.69,3.59,,tn,37067,Williamson,2024-03-30,0,0,1,0
54,Burger King,"1958 south 4th street, allentown, pa, 18103, us",3.923333333333332,2.99,2.077034923652964,,27,,2.49,2.89,5.79,3.29,,pa,18103,Lehigh,2024-03-30,0,0,1,0
55,Burger King,"199 sw northside dr, atlanta, ga, 30313, us",4.452962962962961,2.99,3.0943374984289944,,27,,2.19,3.39,7.99,2.99,,ga,30313,Fulton,2024-03-30,0,0,1,0
56,Burger King,"2002 50th street, lubbock, tx, 79412, us",4.06037037037037,2.99,2.6434846271421555,,27,,1.89,2.79,6.19,2.99,,tx,79412,Lubbock,2024-03-30,0,0,1,0
57,Burger King,"2022 bluff road, columbia, sc, 29201, us",3.9799999999999995,3.42,1.89,,26,,2.99,3.29,5.89,3.55,,sc,29201,Richland,2024-03-30,0,0,1,0
58,Burger King,"205 university avenue, des moines, ia, 50314, us",4.139999999999998,3.19,2.1954936364499686,,26,,2.49,3.19,5.99,2.99,,ia,50314,Polk,2024-03-30,0,0,1,0
59,Burger King,"2100 clearview parkway, metairie, la, 70001, us",3.8630769230769224,2.99,1.9665584331531865,,26,,2.29,2.79,5.39,3.19,,la,70001,Jefferson,2024-03-30,0,0,1,0
60,Burger King,"2100 peters creek pkwy, winston salem, nc, 27127, us",3.81,3.09,1.8497567407634983,,25,,2.19,3.09,5.69,3.59,,nc,27127,Forsyth,2024-03-30,0,0,1,0
61,Burger King,"2119 east 23rd street, chattanooga, tn, 37404, us",3.8899999999999997,2.99,2.0132255022915153,,26,,2.29,2.79,5.49,3.19,,tn,37404,Hamilton,2024-03-30,0,0,1,0
62,Burger King,"2122 e. 10th street, indianapolis, in, 46201, us",3.8220000000000005,3.09,1.8763198021659313,,25,,2.19,3.09,5.69,3.59,,in,46201,Marion,2024-03-30,0,0,1,0
63,Burger King,"2216 bush river road, columbia, sc, 29210, us",3.9799999999999995,3.42,1.89,,26,,2.99,3.29,5.89,3.55,,sc,29210,Richland,2024-03-30,0,0,1,0
64,Burger King,"2222 m. l. king jr. parkway, des moines, ia, 50310, us",4.139999999999998,3.19,2.1954936364499686,,26,,2.49,3.19,5.99,2.99,,ia,50310,Polk,2024-03-30,0,0,1,0
65,Burger King,"2230 salem road, conyers, ga, 30013, us",3.7566666666666655,2.99,2.0430550834654637,,27,,2.29,2.89,5.89,2.99,,ga,30013,Rockdale,2024-03-30,0,0,1,0
66,Burger King,"2241 avent ferry road, raleigh, nc, 27606, us",3.9066666666666663,3.09,2.1374959389175197,,24,,2.19,3.09,6.19,3.79,,nc,27606,Wake,2024-03-30,0,0,1,0
67,Burger King,"2256 ambassador caffrey pkway, lafayette, la, 70506, us",3.7751851851851845,2.99,1.9811526206850356,,27,,2.29,2.79,5.39,3.19,,la,70506,Lafayette,2024-03-30,0,0,1,0
68,Burger King,"2328 university ave, green bay, wi, 54302, us",4.272962962962963,3.29,2.6198725086521324,,27,,2.29,3.29,6.89,3.99,,wi,54302,Brown,2024-03-30,0,0,1,0
69,Burger King,"2414 east expressway 83, mission, tx, 78572, us",4.06037037037037,2.99,2.6434846271421555,,27,,1.89,2.79,6.19,2.99,,tx,78572,Hidalgo,2024-03-30,0,0,1,0
70,Burger King,"2429 west pinhook road, lafayette, la, 70508, us",3.7751851851851845,2.99,1.9811526206850356,,27,,2.29,2.79,5.39,3.19,,la,70508,Lafayette,2024-03-30,0,0,1,0
71,Burger King,"2430 north cherry road, rock hill, sc, 29732, us",3.6660000000000004,3.09,1.7761261216478965,,25,,1.99,3.09,5.39,3.09,,sc,29732,York,2024-03-30,0,0,1,0
72,Burger King,"2500 e riverside dr, austin, tx, 78741, us",3.841999999999999,2.89,2.109430254831858,,25,,2.19,2.69,5.89,2.89,,tx,78741,Travis,2024-03-30,0,0,1,0
73,Burger King,"2500 s i h 35, round rock, tx, 78681, us",3.841999999999999,2.89,2.109430254831858,,25,,2.19,2.69,5.89,2.89,,tx,78681,Williamson,2024-03-30,0,0,1,0
74,Burger King,"2502 east raymond street, indianapolis, in, 46203, us",3.8220000000000005,3.09,1.8763198021659313,,25,,2.19,3.09,5.69,3.59,,in,46203,Marion,2024-03-30,0,0,1,0
75,Burger King,"2509 25th avenue, gulfport, ms, 39501, us",3.797407407407407,2.99,1.9691934663951327,,27,,2.49,2.89,5.79,3.29,,ms,39501,Harrison,2024-03-30,0,0,1,0
76,Burger King,"2542 ne 30th street, ft. worth, tx, 76106, us",4.06037037037037,2.99,2.6434846271421555,,27,,1.89,2.79,6.19,2.99,,tx,76106,Tarrant,2024-03-30,0,0,1,0
77,Burger King,"2548 richmond road, lexington, ky, 40517, us",3.693999999999999,2.99,1.9777724843874234,,25,,1.99,2.99,5.19,2.79,,ky,40517,Fayette,2024-03-30,0,0,1,0
78,Burger King,"2605 jacksboro hwy, river oaks, tx, 76114, us",4.06037037037037,2.99,2.6434846271421555,,27,,1.89,2.79,6.19,2.99,,tx,76114,Tarrant,2024-03-30,0,0,1,0
79,Burger King,"2713 south claiborne st, new orleans, la, 70125, us",3.80111111111111,2.99,2.0269176257875885,,27,,2.29,2.79,5.49,3.19,,la,70125,Orleans,2024-03-30,0,0,1,0
80,Burger King,"2773 evans mill rd, lithonia, ga, 30058, us",3.80111111111111,2.99,2.0269176257875885,,27,,2.29,2.79,5.49,3.19,,ga,30058,DeKalb,2024-03-30,0,0,1,0
81,Burger King,"28 portsmouth ave, stratham, nh, 03885, us",4.228461538461537,3.49,2.3760142648945206,,26,,2.19,3.49,6.59,3.69,,nh,3885,Rockingham,2024-03-30,0,0,1,0
82,Burger King,"2806 north broadway, knoxville, tn, 37917, us",3.864074074074072,2.99,2.0045490104394483,,27,,2.49,2.99,4.99,3.49,,tn,37917,Knox,2024-03-30,0,0,1,0
83,Burger King,"2807 panola road, lithonia, ga, 30035, us",3.7566666666666655,2.99,2.0430550834654637,,27,,2.29,2.89,5.89,2.99,,ga,30035,DeKalb,2024-03-30,0,0,1,0
84,Burger King,"2820 bragg boulevard, fayetteville, nc, 28303, us",3.6660000000000004,3.09,1.7761261216478965,,25,,1.99,3.09,5.39,3.09,,nc,28303,Cumberland,2024-03-30,0,0,1,0
85,Burger King,"2862 n. martin luther king dr., milwaukee, wi, 53212, us",4.265555555555555,3.29,2.6210859119885193,,27,,2.29,3.29,6.89,3.99,,wi,53212,Milwaukee,2024-03-30,0,0,1,0
86,Burger King,"2900 brownsville road, pittsburgh, pa, 15227, us",3.848888888888888,2.99,2.147371059955825,,27,,1.99,2.99,5.59,3.19,,pa,15227,Allegheny,2024-03-30,0,0,1,0
87,Burger King,"2902 richey street, houston, tx, 77017, us",3.6438461538461535,2.6399999999999997,2.074428701563354,,26,,1.89,2.59,5.49,2.69,,tx,77017,Harris,2024-03-30,0,0,1,0
88,Burger King,"2902 two notch road, columbia, sc, 29204, us",3.9799999999999995,3.42,1.89,,26,,2.99,3.29,5.89,3.55,,sc,29204,Richland,2024-03-30,0,0,1,0
89,Burger King,"2910 airport boulevard, houston, tx, 77051, us",3.613076923076922,2.54,2.050948690860983,,26,,1.89,2.49,5.49,2.59,,tx,77051,Harris,2024-03-30,0,0,1,0
90,Burger King,"4676 bellfort avenue, houston, tx, 77051, us",3.6438461538461535,2.6399999999999997,2.074428701563354,,26,,1.89,2.59,5.49,2.69,,tx,77051,Harris,2024-03-30,0,0,1,0
91,Burger King,"2915 saint stephens rd, mobile, al, 36612, us",3.9533333333333327,3.09,1.97779057424075,,30,,2.29,2.79,5.49,3.19,,al,36612,Mobile,2024-03-30,0,0,1,0
92,Burger King,"3004 airport boulevard, mobile, al, 36606, us",3.9299999999999993,3.09,1.9374553758301982,,30,,2.29,2.79,5.39,3.19,,al,36606,Mobile,2024-03-30,0,0,1,0
93,Burger King,"3009 collingsworth st, houston, tx, 77026, us",3.613076923076922,2.54,2.050948690860983,,26,,1.89,2.49,5.49,2.59,,tx,77026,Harris,2024-03-30,0,0,1,0
94,Burger King,"308 jordan lane, huntsville, al, 35805, us",3.74185185185185,2.99,2.044209594670032,,27,,2.29,2.89,5.89,3.09,,al,35805,Madison,2024-03-30,0,0,1,0
95,Burger King,"309 ih 37, corpus christi, tx, 78401, us",3.609230769230769,2.6399999999999997,1.9806796096230028,,26,,1.99,2.59,5.49,2.69,,tx,78401,Nueces,2024-03-30,0,0,1,0
96,Burger King,"310 east trade street, charlotte, nc, 28202, us",3.5923076923076924,2.8,2.058794097547075,,26,,1.99,2.7,6.29,2.9,,nc,28202,Mecklenburg,2024-03-30,0,0,1,0
97,Burger King,"3100 highland road, baton rouge, la, 70802, us",3.7751851851851845,2.99,1.9811526206850356,,27,,2.29,2.79,5.39,3.19,,la,70802,East Baton Rouge,2024-03-30,0,0,1,0
98,Burger King,"3112 e berry st, fort worth, tx, 76119, us",4.06037037037037,2.99,2.6434846271421555,,27,,1.89,2.79,6.19,2.99,,tx,76119,Tarrant,2024-03-30,0,0,1,0
99,Burger King,"3204 southeast loop 820, forest hill, tx, 76140, us",4.06037037037037,2.99,2.6434846271421555,,27,,1.89,2.79,6.19,2.99,,tx,76140,Tarrant,2024-03-30,0,0,1,0
100,Burger King,"3219 s 27th st, milwaukee, wi, 53215, us",4.265555555555555,3.29,2.6210859119885193,,27,,2.29,3.29,6.89,3.99,,wi,53215,Milwaukee,2024-03-30,0,0,1,0
101,Burger King,"3220 library rd., castle shannon, pa, 15234, us",3.848888888888888,2.99,2.147371059955825,,27,,1.99,2.99,5.59,3.19,,pa,15234,Allegheny,2024-03-30,0,0,1,0
102,Burger King,"3227 poplar ave, memphis, tn, 38111, us",3.7740000000000005,3.09,1.8149776858132445,,25,,2.19,3.09,5.59,3.39,,tn,38111,Shelby,2024-03-30,0,0,1,0
103,Burger King,"3242 east 11th street, tulsa, ok, 74104, us",3.7819230769230763,2.84,1.9821744455381263,,26,,1.99,2.79,5.19,2.79,,ok,74104,Tulsa,2024-03-30,0,0,1,0
104,Burger King,"3348 clays mill road, lexington, ky, 40503, us",3.609230769230768,2.99,1.9851408070131038,,26,,1.99,2.99,5.19,2.79,,ky,40503,Fayette,2024-03-30,0,0,1,0
105,Burger King,"3401 amnicola highway, chattanooga, tn, 37406, us",3.80111111111111,2.99,2.0269176257875885,,27,,2.29,2.79,5.49,3.19,,tn,37406,Hamilton,2024-03-30,0,0,1,0
106,Burger King,"3403 north main street, columbia, sc, 29203, us",3.9799999999999995,3.42,1.89,,26,,2.99,3.29,5.89,3.55,,sc,29203,Richland,2024-03-30,0,0,1,0
107,Burger King,"3419 north 5th street highway, reading, pa, 19605, us",3.9939999999999993,3.49,1.9934853899640195,,25,,2.29,3.49,6.09,3.59,,pa,19605,Berks,2024-03-30,0,0,1,0
108,Burger King,"344 eastern blvd, fayetteville, nc, 28301, us",3.6660000000000004,3.09,1.7761261216478965,,25,,1.99,3.09,5.39,3.09,,nc,28301,Cumberland,2024-03-30,0,0,1,0
109,Burger King,"3500 south meridian avenue, wichita, ks, 67217, us",4.5159259259259255,3.79,2.2621838993576606,,27,,2.59,3.79,6.59,3.79,,ks,67217,Sedgwick,2024-03-30,0,0,1,0
110,Burger King,"3801 moss street, lafayette, la, 70507, us",3.7751851851851845,2.99,1.9811526206850356,,27,,2.29,2.79,5.39,3.19,,la,70507,Lafayette,2024-03-30,0,0,1,0
111,Burger King,"3875 airport boulevard, mobile, al, 36609, us",4.014137931034482,3.19,1.915932324125829,,29,,2.29,2.79,5.39,3.19,,al,36609,Mobile,2024-03-30,0,0,1,0
112,Burger King,"3941 crosstown expressway, corpus christi, tx, 78416, us",3.609230769230769,2.6399999999999997,1.9806796096230028,,26,,1.99,2.59,5.49,2.69,,tx,78416,Nueces,2024-03-30,0,0,1,0
113,Burger King,"3949 government boulevard, mobile, al, 36693, us",3.9299999999999993,3.09,1.9374553758301982,,30,,2.29,2.79,5.39,3.19,,al,36693,Mobile,2024-03-30,0,0,1,0
114,Burger King,"4004 rainbow boulevard, kansas city, ks, 66103, us",4.722142857142858,3.79,2.3983705140050775,,28,,2.59,3.79,6.69,3.89,,ks,66103,Wyandotte,2024-03-30,0,0,1,0
115,Burger King,"4029, riverdale, ut, 84405, us",4.04,3.29,2.3413096269461606,,26,,2.29,3.29,5.79,3.29,,ut,84405,Weber,2024-03-30,0,0,1,0
116,Burger King,"409 west ridge pike, conshohocken, pa, 19428, us",3.6803846153846154,2.99,1.991617975356548,,26,,2.49,2.99,5.59,2.99,,pa,19428,Montgomery,2024-03-30,0,0,1,0
117,Burger King,"410 east morris street, indianapolis, in, 46225, us",3.8220000000000005,3.09,1.8763198021659313,,25,,2.19,3.09,5.69,3.59,,in,46225,Marion,2024-03-30,0,0,1,0
118,Burger King,"415 east highway 80, pooler, ga, 31322, us",3.7974074074074053,2.99,2.0428603632281956,,27,,2.39,2.99,5.89,2.99,,ga,31322,Chatham,2024-03-30,0,0,1,0
119,Burger King,"4200 saron road, lexington, ky, 40515, us",3.693999999999999,2.99,1.9777724843874234,,25,,1.99,2.99,5.19,2.79,,ky,40515,Fayette,2024-03-30,0,0,1,0
120,Burger King,"4241 augusta rd, garden city, ga, 31408, us",3.7974074074074053,2.99,2.0428603632281956,,27,,2.39,2.99,5.89,2.99,,ga,31408,Chatham,2024-03-30,0,0,1,0
121,Burger King,"425 south, el paso, tx, 79901, us",3.9603703703703705,2.99,2.2441388375243294,,27,,2.29,2.79,5.39,2.99,,tx,79901,El Paso,2024-03-30,0,0,1,0
122,Burger King,"4410 sunrise rd, round rock, tx, 78665, us",3.823333333333331,2.99,2.204670127336598,,27,,1.63,2.88,6.04,3.59,,tx,78665,Williamson,2024-03-30,0,0,1,0
123,Burger King,"4490 broadway boulevard, monroeville, pa, 15146, us",3.878,3.29,1.932939730048508,,25,,2.19,3.29,5.79,3.39,,pa,15146,Allegheny,2024-03-30,0,0,1,0
124,Burger King,"451 w. new circle road, lexington, ky, 40511, us",3.693999999999999,2.99,1.9777724843874234,,25,,1.99,2.99,5.19,2.79,,ky,40511,Fayette,2024-03-30,0,0,1,0
125,Burger King,"4520 west commerce, san antonio, tx, 78237, us",3.865999999999999,2.79,2.0991960365816245,,25,,2.19,2.79,5.89,2.79,,tx,78237,Bexar,2024-03-30,0,0,1,0
126,Burger King,"4600 fleur dr, des moines, ia, 50321, us",4.139999999999998,3.19,2.1954936364499686,,26,,2.49,3.19,5.99,2.99,,ia,50321,Polk,2024-03-30,0,0,1,0
127,Burger King,"4639 irvington, houston, tx, 77009, us",3.613076923076922,2.54,2.050948690860983,,26,,1.89,2.49,5.49,2.59,,tx,77009,Harris,2024-03-30,0,0,1,0
128,Burger King,"4701 edgmont ave, brookhaven, pa, 19015, us",4.471481481481481,3.29,2.4901341681891336,,27,,2.39,3.29,6.59,4.29,,pa,19015,Delaware,2024-03-30,0,0,1,0
129,Burger King,"4709 dorchester road, n charleston, sc, 29405, us",3.835833333333333,2.99,2.4149584479977193,,24,,1.99,2.7,6.2,3.8,,sc,29405,Charleston,2024-03-30,0,0,1,0
130,Burger King,"490 loucks road, york, pa, 17404, us",3.923333333333332,2.99,2.077034923652964,,27,,2.49,2.89,5.79,3.29,,pa,17404,York,2024-03-30,0,0,1,0
131,Burger King,"493 old hickory blvd, brentwood, tn, 37027, us",3.9220000000000006,3.29,1.9672762896959843,,25,,2.19,3.29,5.89,3.69,,tn,37027,Williamson,2024-03-30,0,0,1,0
132,Burger King,"501 macdade blvd, holmes, pa, 19036, us",3.9939999999999993,3.49,1.9934853899640195,,25,,2.29,3.49,6.09,3.59,,pa,19036,Delaware,2024-03-30,0,0,1,0
133,Burger King,"501 south king's highway, myrtle beach, sc, 29577, us",3.9816666666666656,2.99,2.6016607943559604,,24,,1.99,2.7,6.7,4.3,,sc,29577,Horry,2024-03-30,0,0,1,0
134,Burger King,"5068 old national highway, college park, ga, 30349, us",3.7566666666666655,2.99,2.0430550834654637,,27,,2.29,2.89,5.89,2.99,,ga,30349,Fulton,2024-03-30,0,0,1,0
135,Burger King,"5301 johnston st, lafayette, la, 70503, us",3.7751851851851845,2.99,1.9811526206850356,,27,,2.29,2.79,5.39,3.19,,la,70503,Lafayette,2024-03-30,0,0,1,0
136,Burger King,"5401 e. university ave, pleasant hill, ia, 50327, us",4.139999999999998,3.19,2.1954936364499686,,26,,2.49,3.19,5.99,2.99,,ia,50327,Polk,2024-03-30,0,0,1,0
137,Burger King,"568 west dekalb pike, king of prussia, pa, 19406, us",3.6803846153846154,2.99,1.991617975356548,,26,,2.49,2.99,5.59,2.99,,pa,19406,Montgomery,2024-03-30,0,0,1,0
138,Burger King,"575 east 400 south street, salt lake city, ut, 84102, us",4.04,3.29,2.3413096269461606,,26,,2.29,3.29,5.79,3.29,,ut,84102,Salt Lake,2024-03-30,0,0,1,0
139,Burger King,"6000 rivers ave, north charleston, sc, 29406, us",3.835833333333333,2.99,2.4149584479977193,,24,,1.99,2.7,6.2,3.8,,sc,29406,Charleston,2024-03-30,0,0,1,0
140,Burger King,"6003 gateway drive, plainfield, in, 46168, us",3.801599999999999,2.99,1.9787140874820701,,25,,1.99,2.99,5.89,4.19,,in,46168,Hendricks,2024-03-30,0,0,1,0
141,Burger King,"601 martin luther king blvd, savannah, ga, 31401, us",3.7974074074074053,2.99,2.0428603632281956,,27,,2.39,2.99,5.89,2.99,,ga,31401,Chatham,2024-03-30,0,0,1,0
142,Burger King,"6029 wade hampton boulevard, taylors, sc, 29687, us",3.6660000000000004,3.09,1.7761261216478965,,25,,1.99,3.09,5.39,3.09,,sc,29687,Greenville,2024-03-30,0,0,1,0
143,Burger King,"6135 eastex freeway #2, beaumont, tx, 77706, us",3.6284615384615373,2.69,1.9863141209240416,,26,,1.89,2.69,5.49,2.69,,tx,77706,Jefferson,2024-03-30,0,0,1,0
144,Burger King,"6425 phelan boulevard, beaumont, tx, 77706, us",3.6284615384615373,2.69,1.9863141209240416,,26,,1.89,2.69,5.49,2.69,,tx,77706,Jefferson,2024-03-30,0,0,1,0
145,Burger King,"621 west chicago avenue, east chicago, in, 46312, us",3.7553846153846147,2.79,2.0727058323494973,,26,,1.99,2.79,5.89,2.79,,in,46312,Lake,2024-03-30,0,0,1,0
146,Burger King,"6220 east freeway, houston, tx, 77020, us",3.613076923076922,2.54,2.050948690860983,,26,,1.89,2.49,5.49,2.59,,tx,77020,Harris,2024-03-30,0,0,1,0
147,Burger King,"623 second street, manchester, nh, 03102, us",4.097692307692307,3.09,2.5307224685883183,,26,,1.99,3.19,6.89,2.99,,nh,3102,Hillsborough,2024-03-30,0,0,1,0
148,Burger King,"6337 crawfordsville rd, speedway, in, 46224, us",3.801599999999999,2.99,1.9787140874820701,,25,,1.99,2.99,5.89,4.19,,in,46224,Marion,2024-03-30,0,0,1,0
149,Burger King,"659 government st, mobile, al, 36602, us",3.9533333333333327,3.09,1.97779057424075,,30,,2.29,2.79,5.49,3.19,,al,36602,Mobile,2024-03-30,0,0,1,0
150,Burger King,"6904 kennedy ave., hammond, in, 46323, us",4.380000000000001,3.44,2.6112036717545823,,26,,2.29,3.29,6.89,3.99,,in,46323,Lake,2024-03-30,0,0,1,0
151,Burger King,"6909 odana road, madison, wi, 53719, us",4.524230769230768,3.74,2.6474198950283117,,26,,2.49,3.39,7.09,4.09,,wi,53719,Dane,2024-03-30,0,0,1,0
152,Burger King,"696 hanes mall blvd, winston salem, nc, 27103, us",3.81,3.09,1.8497567407634983,,25,,2.19,3.09,5.69,3.59,,nc,27103,Forsyth,2024-03-30,0,0,1,0
153,Burger King,"6971 west 38th street, indianapolis, in, 46214, us",3.801599999999999,2.99,1.9787140874820701,,25,,1.99,2.99,5.89,4.19,,in,46214,Marion,2024-03-30,0,0,1,0
154,Burger King,"7011 gulf freeway, houston, tx, 77087, us",3.613076923076922,2.54,2.050948690860983,,26,,1.89,2.49,5.49,2.59,,tx,77087,Harris,2024-03-30,0,0,1,0
155,Burger King,"7050, theodore, al, 36582, us",3.9299999999999993,3.09,1.9374553758301982,,30,,2.29,2.79,5.39,3.19,,al,36582,Mobile,2024-03-30,0,0,1,0
156,Burger King,"7116 highway 70 south, nashville, tn, 37221, us",3.8740000000000006,3.29,1.8972991329782452,,25,,2.19,3.29,5.69,3.59,,tn,37221,Davidson,2024-03-30,0,0,1,0
157,Burger King,"730 lane allen rd, lexington, ky, 40504, us",3.693999999999999,2.99,1.9777724843874234,,25,,1.99,2.99,5.19,2.79,,ky,40504,Fayette,2024-03-30,0,0,1,0
158,Burger King,"7638 perkins road, baton rouge, la, 70810, us",3.7751851851851845,2.99,1.9811526206850356,,27,,2.29,2.79,5.39,3.19,,la,70810,East Baton Rouge,2024-03-30,0,0,1,0
159,Burger King,"7938 calumet avenue, munster, in, 46321, us",3.72076923076923,2.74,2.0592697045254496,,26,,1.99,2.69,5.69,2.79,,in,46321,Lake,2024-03-30,0,0,1,0
160,Burger King,"7939 east 41 street, south, tulsa, ok, 74145, us",3.7819230769230763,2.84,1.9821744455381263,,26,,1.99,2.79,5.19,2.79,,ok,74145,Tulsa,2024-03-30,0,0,1,0
161,Burger King,"801 3rd avenue west, birmingham, al, 35204, us",3.7455555555555544,2.99,2.015005437605628,,27,,2.29,2.99,5.89,2.99,,al,35204,Jefferson,2024-03-30,0,0,1,0
162,Burger King,"803 n. main, layton, ut, 84041, us",3.9529629629629617,3.19,2.2660371917035724,,27,,1.99,3.19,6.19,3.59,,ut,84041,Davis,2024-03-30,0,0,1,0
163,Burger King,"810 north main street, oregon, wi, 53575, us",4.272962962962963,3.29,2.6198725086521324,,27,,2.29,3.29,6.89,3.99,,wi,53575,Dane,2024-03-30,0,0,1,0
164,Burger King,"8131 pat booker rd, live oak, tx, 78233, us",3.799629629629627,2.99,2.223741394306387,,27,,1.63,2.88,6.04,3.59,,tx,78233,Bexar,2024-03-30,0,0,1,0
165,Burger King,"819 memorial blvd, murfreesboro, tn, 37129, us",3.8740000000000006,3.29,1.8972991329782452,,50,,2.19,3.29,5.69,3.59,,tn,37129,Rutherford,2024-03-30,0,0,1,0
166,Burger King,"819 south 3rd street, wilmington, nc, 28401, us",3.81,3.09,1.8497567407634983,,25,,2.19,3.09,5.69,3.59,,nc,28401,New Hanover,2024-03-30,0,0,1,0
167,Burger King,"8378 w overland rd., boise, id, 83709, us",4.1419999999999995,3.29,2.330342464102648,,25,,2.29,3.29,5.79,3.29,,id,83709,Ada,2024-03-30,0,0,1,0
168,Burger King,"85 tunnel road, asheville, nc, 28805, us",3.6660000000000004,3.09,1.7761261216478965,,25,,1.99,3.09,5.39,3.09,,nc,28805,Buncombe,2024-03-30,0,0,1,0
169,Burger King,"9009 clinton drive, houston, tx, 77029, us",3.613076923076922,2.54,2.050948690860983,,26,,1.89,2.49,5.49,2.59,,tx,77029,Harris,2024-03-30,0,0,1,0
