,restaurant_name,restaurant_location,menu_item_price mean_non_zero,menu_item_price median_non_zero,menu_item_price std_non_zero,restaurant_rating mean,menu_item count,number_of_ratings first,specialty_item,combo,cheeseburger,hamburger,fries,state,zip,county_name,date,uber_eats,post_policy,fast_food,local
0,McDonald,"1100 fillmore st, san francisco, ca, 94115, us",6.087886178861792,4.95,4.232331086537197,4.5,144,100+,7.89,13.69,4.09,3.59,5.49,ca,94115,San Francisco,2024-04-05,1,0,1,0
1,McDonald,"119 west ball road, anaheim, ca, 92805-6045, us",6.849633027522946,5.19,4.714940517706952,4.7,134,100+,6.89,13.39,3.89,3.19,5.19,ca,92805,Orange,2024-04-05,1,0,1,0
2,Jack in the Box,"290 w. lincoln ave., anaheim, ca, 92805, us",7.823767123287674,6.675000000000001,3.8884509611508915,4.7,146,76,6.11,11.98,3.49,3.24,4.74,ca,92805,Orange,2024-04-05,1,0,1,0
3,Burger King,"1201 south, anaheim, ca, 92805, us",9.72376623376624,8.49,6.098916454533489,4.7,77,42,9.59,16.79,3.59,5.99,4.29,ca,92805,Orange,2024-04-05,1,0,1,0
4,McDonald,"120 harding blvd, roseville, ca, 95678, us",6.234758064516133,4.845,4.868334560512467,0.0,143,10,8.39,13.99,4.18,3.69,5.37,ca,95678,Placer,2024-04-05,1,0,1,0
5,Shake Shack,"1151 galleria boulevard, roseville, ca, 95678, us",8.192439024390247,7.59,2.947300360841033,4.5,84,22,9.59,,9.39,8.99,5.49,ca,95678,Placer,2024-04-05,1,0,1,0
6,Sonic,"913 pleasant grove blvd, roseville, ca, 95678, us",5.679032258064515,4.87,2.574810177580537,4.3,240,27,10.36,0.0,4.87,,0.0,ca,95678,Placer,2024-04-05,1,0,1,0
7,The Habit,"933 pleasant grove blvd, roseville, ca, 95678, us",10.702405063291144,8.11,9.9624900571956,4.8,79,18,9.24,16.74,8.24,7.11,3.99,ca,95678,Placer,2024-04-05,1,0,1,0
8,McDonald,"1260 park blvd, san diego, ca, 92101, us",8.976274509803929,6.74,6.372521266907892,4.5,126,100+,8.49,14.19,4.49,3.79,5.69,ca,92101,San Diego,2024-04-05,1,0,1,0
9,Jack in the Box,"1619 pacific hwy, san diego, ca, 92101, us",8.17804054054054,7.235,4.063928278453069,4.7,148,72,6.86,13.1,3.74,3.36,4.99,ca,92101,San Diego,2024-04-05,1,0,1,0
10,Shake Shack,"2008 india st., san diego, ca, 92101, us",8.004583333333333,7.59,2.7438559837794365,4.7,49,100+,9.39,,8.99,8.79,5.49,ca,92101,San Diego,2024-04-05,1,0,1,0
11,Burger King,"1210 11th ave, san diego, ca, 92101, us",9.574722222222226,8.69,5.9331849167350965,4.5,72,72,9.29,15.29,4.19,4.59,5.09,ca,92101,San Diego,2024-04-05,1,0,1,0
12,McDonald,"1299 e santa clara st, san jose, ca, 95116, us",5.589618320610695,4.19,4.13790583989257,4.4,146,87,6.69,10.79,3.59,3.19,4.99,ca,95116,Santa Clara,2024-04-05,1,0,1,0
13,McDonald,"13370 lincoln way, auburn, ca, 95603, us",5.8498496240601545,4.99,3.8629857136680714,0.0,152,2,7.79,12.99,3.49,3.39,5.39,ca,95603,Placer,2024-04-05,1,0,1,0
14,Jack in the Box,"13421 east lincoln way, auburn, ca, 95603, us",8.092980132450334,7.24,3.9536085947062434,3.4,151,12,6.86,13.35,3.74,3.36,4.99,ca,95603,Placer,2024-04-05,1,0,1,0
15,McDonald,"137 canyon dr, oceanside, ca, 92054, us",6.22556521739131,4.59,4.511799061071516,4.9,140,23,6.79,11.89,3.19,2.89,4.91,ca,92054,San Diego,2024-04-05,1,0,1,0
16,Jack in the Box,"1900 mission ave, oceanside, ca, 92054, us",8.393443708609274,7.49,4.232258496586736,4.7,151,40,7.86,14.98,3.74,3.49,4.99,ca,92054,San Diego,2024-04-05,1,0,1,0
17,Wendy,"1002 mission avenue, oceanside, ca, 92054, us",7.061111111111111,6.09,3.1957226428269,4.1,93,13,8.53,0.0,3.89,3.4,0.0,ca,92054,San Diego,2024-04-05,1,0,1,0
18,The Habit,"2267 s el camino real, oceanside, ca, 92054, us",11.41756410256411,8.74,10.669361621003246,4.6,78,34,9.61,17.98,8.49,7.36,4.61,ca,92054,San Diego,2024-04-05,1,0,1,0
19,McDonald,"1407 bradley rd, santa maria, ca, 93454, us",6.348805970149262,4.69,5.001916355858935,3.8000000000000003,152,11,7.49,13.09,5.19,4.79,5.39,ca,93454,Santa Barbara,2024-04-05,1,0,1,0
20,Jack in the Box,"830 south broadway, santa maria, ca, 93454, us",8.432517006802717,7.49,4.087753045035105,4.5,147,30,6.86,12.98,4.11,3.74,4.99,ca,93454,Santa Barbara,2024-04-05,1,0,1,0
21,The Habit,"985 betteravia road, santa maria, ca, 93454, us",10.093593750000004,7.775,10.649837934093688,4.2,64,16,9.24,16.86,8.36,7.24,4.11,ca,93454,Santa Barbara,2024-04-05,1,0,1,0
22,McDonald,"1420 el camino real, san mateo, ca, 94402, us",5.5631746031746045,3.9400000000000004,4.671866601364203,4.8,145,100+,6.69,10.69,3.19,2.79,3.99,ca,94402,San Mateo,2024-04-05,1,0,1,0
23,McDonald,"1421 mission st, santa cruz, ca, 95060-4738, us",6.79375,5.28,4.434280111152957,4.7,145,894,8.39,13.29,3.99,3.49,4.99,ca,95060,Santa Cruz,2024-04-05,1,0,1,0
24,Jack in the Box,"640 ocean street, santa cruz, ca, 95060, us",8.353129251700677,7.49,4.157742028939793,4.4,147,100+,6.86,13.23,3.99,3.74,4.99,ca,95060,Santa Cruz,2024-04-05,1,0,1,0
25,Burger King,"2015 mission street, santa cruz, ca, 95060, us",8.754878048780492,6.54,6.012022557262267,4.6,82,29,9.49,16.11,2.59,4.69,4.74,ca,95060,Santa Cruz,2024-04-05,1,0,1,0
26,The Habit,"1400 ocean st, santa cruz, ca, 95060, us",11.563417721518995,8.74,10.822362675903994,4.8,79,84,9.74,18.24,8.61,7.49,4.74,ca,95060,Santa Cruz,2024-04-05,1,0,1,0
27,Five Guys,"1101 pacific avenue, santa cruz, ca, 95060, us",9.071428571428571,9.59,3.4434614170355164,4.5,28,63,14.39,,11.39,10.19,7.55,ca,95060,Santa Cruz,2024-04-05,1,0,1,0
28,McDonald,"155 kern st, salinas, ca, 93905, us",5.76582089552239,4.01,4.619586028249631,4.3,153,22,6.89,10.95,3.78,3.23,4.99,ca,93905,Monterey,2024-04-05,1,0,1,0
29,McDonald,"16063 foothill blvd, fontana, ca, 92335, us",5.828818181818184,4.89,4.1418451601404085,4.3,130,50+,6.19,10.49,4.19,3.89,4.89,ca,92335,San Bernardino,2024-04-05,1,0,1,0
30,Jack in the Box,"8134 sierra ave, fontana, ca, 92335, us",7.567278481012662,6.61,3.740079815152902,4.7,158,42,5.99,11.85,3.61,3.24,4.49,ca,92335,San Bernardino,2024-04-05,1,0,1,0
31,Wendy,"16984 valley blvd., fontana, ca, 92335, us",6.22755102040816,5.23,3.00123956065792,4.9,84,33,7.92,0.0,3.65,2.79,0.0,ca,92335,San Bernardino,2024-04-05,1,0,1,0
32,Burger King,"16878 foothill boulevard, fontana, ca, 92335, us",8.970256410256416,6.6899999999999995,5.813354646152779,4.6,78,30,10.29,15.29,2.79,5.39,4.89,ca,92335,San Bernardino,2024-04-05,1,0,1,0
33,The Habit,"9750 sierra avenue, fontana, ca, 92335, us",11.77256410256411,8.99,10.976303781666639,4.5,78,13,9.74,18.24,8.61,7.49,4.74,ca,92335,San Bernardino,2024-04-05,1,0,1,0
34,McDonald,"1739 divisadero st, fresno, ca, 93701-1920, us",5.594772727272726,4.29,4.17593438390142,3.9,147,48,6.19,9.79,3.39,2.89,4.99,ca,93701,Fresno,2024-04-05,1,0,1,0
35,McDonald,"200 richards blvd, sacramento, ca, 95811, us",8.465208333333335,5.29,9.566663688207287,4.4,163,50+,8.49,12.99,3.59,3.49,5.29,ca,95811,Sacramento,2024-04-05,1,0,1,0
36,Shake Shack,"1710 r st, sacramento, ca, 95811, us",8.181111111111113,7.59,2.844552081296786,4.7,92,50+,9.59,,9.39,8.99,5.49,ca,95811,Sacramento,2024-04-05,1,0,1,0
37,McDonald,"2114 4th st, san rafael, ca, 94901, us",6.495661764705882,5.39,5.063104241675005,4.8,151,19,8.29,12.99,4.39,4.39,4.99,ca,94901,Marin,2024-04-05,1,0,1,0
38,Jack in the Box,"1814 2nd street, san rafael, ca, 94901, us",8.737346938775508,8.11,4.345680680896117,4.4,147,86,7.24,14.23,4.11,3.74,4.99,ca,94901,Marin,2024-04-05,1,0,1,0
39,Burger King,"969 east francisco blvd., san rafael, ca, 94901, us",9.304634146341465,6.949999999999999,6.155638342425299,4.6,82,48,10.26,17.54,2.89,4.89,5.97,ca,94901,Marin,2024-04-05,1,0,1,0
40,McDonald,"2242 university ave, riverside, ca, 92507, us",6.538672566371687,4.59,4.871301456894006,4.7,138,50+,7.19,12.29,4.09,3.59,4.99,ca,92507,Riverside,2024-04-05,1,0,1,0
41,Burger King,"2167 university avenue, riverside, ca, 92507, us",8.970256410256416,6.6899999999999995,5.813354646152779,4.3,78,46,10.29,15.29,2.79,5.39,4.89,ca,92507,Riverside,2024-04-05,1,0,1,0
42,McDonald,"2310 f st, bakersfield, ca, 93301, us",5.8796581196581235,4.19,4.266632398024224,4.1,143,40,6.61,10.09,3.52,2.91,4.72,ca,93301,Kern,2024-04-05,1,0,1,0
43,Jack in the Box,"2220 chester ave, bakersfield, ca, 93301, us",8.561133333333334,7.615,4.1294689790442645,4.3,150,16,7.49,13.73,4.11,3.74,5.36,ca,93301,Kern,2024-04-05,1,0,1,0
44,McDonald,"24440 alessandro blvd, moreno valley, ca, 92553, us",7.779615384615387,5.36,5.609458276853774,4.1,158,47,9.07,17.5,5.27,3.98,5.77,ca,92553,Riverside,2024-04-05,1,0,1,0
45,Wendy,"22320 cactus ave, moreno valley, ca, 92553, us",7.117499999999997,6.33,3.469328728576045,4.7,89,21,8.89,0.0,4.01,3.65,0.0,ca,92553,Riverside,2024-04-05,1,0,1,0
46,The Habit,"12560 day st, moreno valley, ca, 92553, us",11.36797468354431,8.74,10.61066139025271,4.4,79,25,9.61,17.98,8.49,7.36,4.61,ca,92553,Riverside,2024-04-05,1,0,1,0
47,Five Guys,"12515 frederick st, moreno valley, ca, 92553, us",8.30310344827586,8.27,3.1596781846697244,4.6,29,44,13.19,,10.43,9.23,7.19,ca,92553,Riverside,2024-04-05,1,0,1,0
48,McDonald,"2450 junipero serra blvd, daly city, ca, 94015-1632, us",6.008174603174608,4.89,3.9646097910022027,4.8,144,100+,8.49,14.29,4.49,4.39,5.69,ca,94015,San Mateo,2024-04-05,1,0,1,0
49,The Habit,"305 gellert blvd, daly city, ca, 94015, us",11.629873417721495,8.99,10.825256508045872,4.6,237,100+,9.74,18.24,8.61,7.49,4.61,ca,94015,San Mateo,2024-04-05,1,0,1,0
50,McDonald,"25280 madison ave, murrieta, ca, 92562, us",6.530495867768597,4.89,5.327702100481081,0.0,143,10,6.84,12.19,2.87,2.39,5.03,ca,92562,Riverside,2024-04-05,1,0,1,0
51,Burger King,"40931 california oaks road, murrieta, ca, 92562, us",8.970256410256415,6.6899999999999995,5.81335464615278,5.0,78,11,10.29,15.29,2.79,5.39,4.89,ca,92562,Riverside,2024-04-05,1,0,1,0
52,McDonald,"2801 mission st, san francisco, ca, 94110, us",7.845630252100843,4.09,7.501240305135368,4.6,140,100+,8.09,16.09,3.09,2.79,5.89,ca,94110,San Francisco,2024-04-05,1,0,1,0
53,Burger King,"1690 valencia street, san francisco, ca, 94110, us",9.43692307692308,7.59,6.324350642189669,4.4,78,92,10.26,17.93,2.89,4.89,5.97,ca,94110,San Francisco,2024-04-05,1,0,1,0
54,McDonald,"29 north milpas street, santa barbara, ca, 93103, us",5.981869918699196,4.69,3.971106898503113,4.7,150,50+,6.79,12.59,4.59,4.19,5.59,ca,93103,Santa Barbara,2024-04-05,1,0,1,0
55,Jack in the Box,"501 north milpas street, santa barbara, ca, 93103, us",8.397066666666664,7.49,4.072900939406976,4.5,150,50+,6.86,12.98,4.11,3.74,4.99,ca,93103,Santa Barbara,2024-04-05,1,0,1,0
56,McDonald,"301 e 1st st, santa ana, ca, 92701, us",6.7167716535433035,4.49,4.72064403751864,4.9,155,67,6.49,13.49,3.39,3.29,5.19,ca,92701,Orange,2024-04-05,1,0,1,0
57,Jack in the Box,"601 north main street, santa ana, ca, 92701, us",7.7390000000000025,7.11,3.779625157781301,4.4,150,25,5.61,11.6,3.49,3.11,4.49,ca,92701,Orange,2024-04-05,1,0,1,0
58,Burger King,"701 north main street, santa ana, ca, 92701, us",9.939615384615383,8.49,6.642081933864831,4.5,78,28,8.49,14.69,3.99,5.59,4.99,ca,92701,Orange,2024-04-05,1,0,1,0
59,McDonald,"322 s center st, stockton, ca, 95203, us",8.622132352941193,5.19,10.516811290394866,4.3,154,20,7.69,14.79,4.09,3.69,5.49,ca,95203,San Joaquin,2024-04-05,1,0,1,0
60,McDonald,"3289 sonoma blvd, vallejo, ca, 94590, us",8.363453237410077,5.0,9.539464919629882,4.4,159,34,8.29,12.99,3.59,3.49,4.99,ca,94590,Solano,2024-04-05,1,0,1,0
61,Jack in the Box,"400 broadway st., vallejo, ca, 94590, us",8.221400000000001,7.49,3.9950981681722575,4.2,150,18,5.61,11.85,3.74,3.36,4.99,ca,94590,Solano,2024-04-05,1,0,1,0
62,Wendy,"1001 redwood, vallejo, ca, 94590, us",6.0989285714285675,5.17,3.1971782640385906,4.4,94,60,7.92,0.0,3.04,2.67,0.0,ca,94590,Solano,2024-04-05,1,0,1,0
63,Burger King,"3606 sonoma boulevard, vallejo, ca, 94590, us",10.364999999999998,9.705,6.068058510834343,4.2,66,15,9.23,13.31,3.83,5.15,4.55,ca,94590,Solano,2024-04-05,1,0,1,0
64,McDonald,"3636 w mineral king ave, visalia, ca, 93291, us",6.871448275862078,5.09,6.161758815111182,4.7,163,15,7.49,12.49,4.19,3.49,4.89,ca,93291,Tulare,2024-04-05,1,0,1,0
65,McDonald,"401 ventura ave, oxnard, ca, 93030, us",4.972045454545459,3.19,3.906086497404611,4.5,153,50+,5.71,9.76,2.39,2.52,3.49,ca,93030,Ventura,2024-04-05,1,0,1,0
66,Jack in the Box,"960 n ventura rd, oxnard, ca, 93030, us",7.776800000000004,6.86,3.8105697421776696,4.8,150,24,6.86,12.23,3.74,3.49,4.49,ca,93030,Ventura,2024-04-05,1,0,1,0
67,McDonald,"4550 clayton rd, concord, ca, 94521-2850, us",7.042380952380949,5.29,5.318710821924445,4.4,152,55,6.89,12.79,3.79,3.59,4.79,ca,94521,Contra Costa,2024-04-05,1,0,1,0
68,McDonald,"556 e el camino real, sunnyvale, ca, 94087, us",5.4643939393939425,4.19,4.491298701559489,4.7,147,57,7.39,12.05,3.49,4.19,4.47,ca,94087,Santa Clara,2024-04-05,1,0,1,0
69,Wendy,"1313 s. wolfe road, sunnyvale, ca, 94087, us",7.9382142857142854,7.609999999999999,4.5936501620415635,4.3,95,60,9.75,0.0,4.14,3.65,0.0,ca,94087,Santa Clara,2024-04-05,1,0,1,0
70,The Habit,"146 w el camino real, sunnyvale, ca, 94087, us",11.42256410256411,8.74,10.66743299761997,4.8,78,29,9.61,17.98,8.49,7.36,4.61,ca,94087,Santa Clara,2024-04-05,1,0,1,0
71,Five Guys,"116 e. el camino real, sunnyvale, ca, 94087, us",8.91551724137931,9.59,3.491810701318253,4.8,29,63,14.15,,11.27,10.43,7.67,ca,94087,Santa Clara,2024-04-05,1,0,1,0
72,McDonald,"5600 nave dr, novato, ca, 94949, us",6.3794814814814815,5.39,4.942937246215797,4.9,148,46,8.29,12.99,4.39,4.39,4.99,ca,94949,Marin,2024-04-05,1,0,1,0
73,Burger King,"220 alameda del prado, novato, ca, 94949, us",9.4205,7.3,6.179045213461379,4.8,80,26,10.26,17.54,2.89,4.89,5.97,ca,94949,Marin,2024-04-05,1,0,1,0
74,McDonald,"640 long beach blvd, long beach, ca, 90802, us",5.562500000000006,3.79,4.489475798303004,4.5,145,200+,6.46,12.09,3.04,2.95,4.59,ca,90802,Los Angeles,2024-04-05,1,0,1,0
75,Jack in the Box,"652 atlantic ave, long beach, ca, 90802, us",8.328410596026488,7.49,4.563197887144357,4.4,151,128,6.86,13.74,3.74,3.11,3.74,ca,90802,Los Angeles,2024-04-05,1,0,1,0
76,Burger King,"127 west 4th street, long beach, ca, 90802, us",8.970256410256415,6.6899999999999995,5.81335464615278,4.5,78,90,10.29,15.29,2.79,5.39,4.89,ca,90802,Los Angeles,2024-04-05,1,0,1,0
77,McDonald,"690 alameda st., los angeles, ca, 90021, us",6.855714285714291,4.925000000000001,4.927546385239292,4.5,151,200+,7.79,12.29,4.86,2.89,4.79,ca,90021,Los Angeles,2024-04-05,1,0,1,0
78,McDonald,"699 2nd st, san bernardino, ca, 92410, us",5.842248062015507,4.29,4.555785867300811,3.9,147,50+,6.69,11.99,2.91,2.59,4.29,ca,92410,San Bernardino,2024-04-05,1,0,1,0
79,McDonald,"699 beck ave, fairfield, ca, 94533, us",5.951136363636371,4.29,4.715243919865567,4.7,148,12,7.09,12.69,3.19,3.09,5.19,ca,94533,Solano,2024-04-05,1,0,1,0
80,Jack in the Box,"1980 n. texas st., fairfield, ca, 94533, us",8.252434210526316,7.49,4.041134220134915,4.2,152,35,5.61,11.85,3.74,3.49,4.99,ca,94533,Solano,2024-04-05,1,0,1,0
81,Wendy,"2045 north texas, fairfield, ca, 94533, us",6.044642857142853,5.050000000000001,3.1640576143197356,4.6,96,53,7.92,0.0,3.04,2.67,0.0,ca,94533,Solano,2024-04-05,1,0,1,0
82,The Habit,"1320 travis blvd, fairfield, ca, 94533, us",11.687341772151905,8.99,10.917648435638712,4.0,79,24,9.74,18.24,8.61,7.49,4.74,ca,94533,Solano,2024-04-05,1,0,1,0
83,Five Guys,"1570 gateway boulevard, fairfield, ca, 94533, us",9.908620689655171,10.07,3.7072675355659985,5.0,29,16,15.47,,12.47,11.15,8.75,ca,94533,Solano,2024-04-05,1,0,1,0
84,McDonald,"725 e st, chula vista, ca, 91910, us",5.979752066115701,4.67,4.380474230489587,4.9,140,27,6.97,12.47,3.61,3.39,5.29,ca,91910,San Diego,2024-04-05,1,0,1,0
85,Jack in the Box,"486 broadway, chula vista, ca, 91910, us",7.304513888888896,6.61,3.700229690667321,4.7,144,28,5.36,10.73,3.24,2.86,4.49,ca,91910,San Diego,2024-04-05,1,0,1,0
86,Wendy,"618 e street, chula vista, ca, 91910, us",6.893636363636365,5.97,3.1208835366906555,4.5,95,100+,8.28,0.0,3.65,3.28,0.0,ca,91910,San Diego,2024-04-05,1,0,1,0
87,Burger King,"97 bonita road, chula vista, ca, 91910, us",9.098250000000005,6.99,5.875383131124301,4.8,80,16,10.29,15.29,2.79,5.39,4.89,ca,91910,San Diego,2024-04-05,1,0,1,0
88,The Habit,"770 otay lakes road, chula vista, ca, 91910, us",11.417564102564109,8.74,10.669361621003244,4.7,78,44,9.61,17.98,8.49,7.36,4.61,ca,91910,San Diego,2024-04-05,1,0,1,0
89,Five Guys,"555 broadway, chula vista, ca, 91910, us",9.908620689655171,10.07,3.7072675355659976,4.8,29,54,15.47,,12.47,11.15,8.75,ca,91910,San Diego,2024-04-05,1,0,1,0
90,McDonald,"8282 laguna blvd, elk grove, ca, 95758, us",9.225391304347829,5.39,11.332583211174105,0.0,133,10,7.69,14.79,4.09,3.69,5.49,ca,95758,Sacramento,2024-04-05,1,0,1,0
91,The Habit,"7400 laguna blvd, elk grove, ca, 95758, us",11.014935064935072,8.36,10.181749731415813,4.4,77,29,9.24,16.86,8.36,7.24,4.11,ca,95758,Sacramento,2024-04-05,1,0,1,0
92,Five Guys,"9257 laguna springs dr, elk grove, ca, 95758, us",9.908620689655171,10.07,3.707267535565998,4.6,29,14,15.47,,12.47,11.15,8.75,ca,95758,Sacramento,2024-04-05,1,0,1,0
93,McDonald,"900 9th st, modesto, ca, 95354, us",8.312275862068969,5.39,9.069085552109783,4.3,160,11,8.29,13.69,4.49,4.19,5.69,ca,95354,Stanislaus,2024-04-05,1,0,1,0
94,Jack in the Box,"1624 j street, modesto, ca, 95354, us",8.572039473684208,7.86,4.2645710493886675,4.6,152,10,6.99,13.85,4.11,3.74,4.99,ca,95354,Stanislaus,2024-04-05,1,0,1,0
95,McDonald,"nwc roy rogers &amp; la paz plz, victorville, ca, 92395, us",6.573666666666671,4.75,4.758593793221784,4.2,144,50+,7.59,11.19,4.51,2.99,4.96,ca,92395,San Bernardino,2024-04-05,1,0,1,0
96,Wendy,"14798 lapaz drive, victorville, ca, 92395, us",6.22755102040816,5.23,3.00123956065792,4.6,84,16,7.92,0.0,3.65,2.79,0.0,ca,92395,San Bernardino,2024-04-05,1,0,1,0
97,Burger King,"12925 hesperia road, victorville, ca, 92395, us",8.970256410256415,6.6899999999999995,5.813354646152779,4.6,78,19,10.29,15.29,2.79,5.39,4.89,ca,92395,San Bernardino,2024-04-05,1,0,1,0
98,Jack in the Box,"1051 willow pass ct., concord, ca, 94520, us",8.702066666666662,7.86,4.305671035067846,4.8,150,33,7.24,14.23,4.11,3.74,4.99,ca,94520,Contra Costa,2024-04-05,1,0,1,0
99,Burger King,"3399 port chicago hwy, concord, ca, 94520, us",10.298641975308653,8.09,6.020052859184366,4.7,81,14,10.09,17.79,4.29,5.69,5.49,ca,94520,Contra Costa,2024-04-05,1,0,1,0
100,The Habit,"1110, concord, ca, 94520, us",11.718481012658234,8.99,10.917066431273073,5.0,79,26,9.74,18.24,8.61,7.49,4.74,ca,94520,Contra Costa,2024-04-05,1,0,1,0
101,Jack in the Box,"1120 s mooney blvd, visalia, ca, 93277, us",10.29455172413792,9.24,5.583165580788109,4.3,145,15,9.11,18.35,4.99,4.74,5.99,ca,93277,Tulare,2024-04-05,1,0,1,0
102,Burger King,"500 south de maree, visalia, ca, 93277, us",8.95180555555556,6.925000000000001,6.117794248108656,4.9,72,12,8.99,15.36,2.59,4.69,4.36,ca,93277,Tulare,2024-04-05,1,0,1,0
103,The Habit,"604 s mooney blvd, visalia, ca, 93277, us",10.835443037974692,8.24,10.11367401189633,4.6,79,50+,9.24,16.86,8.36,7.24,4.11,ca,93277,Tulare,2024-04-05,1,0,1,0
104,Five Guys,"4129 s. mooney blvd., visalia, ca, 93277, us",9.116551724137931,10.07,3.492919217662745,4.8,29,11,14.15,,11.27,10.07,7.91,ca,93277,Tulare,2024-04-05,1,0,1,0
105,Jack in the Box,"14618 7th street, victorville, ca, 92392, us",7.891075949367092,7.49,4.1038952761089895,4.5,158,50+,7.49,13.24,4.11,3.74,3.49,ca,92392,San Bernardino,2024-04-05,1,0,1,0
106,Sonic,"11780 amargosa road, victorville, ca, 92392, us",3.7596296296296305,3.77,1.5506019893874943,4.8,65,22,,,,,0.0,ca,92392,San Bernardino,2024-04-05,1,0,1,0
107,The Habit,"11608 amargosa rd, victorville, ca, 92392, us",11.77256410256411,8.99,10.976303781666635,4.7,78,19,9.74,18.24,8.61,7.49,4.74,ca,92392,San Bernardino,2024-04-05,1,0,1,0
108,Jack in the Box,"148 e san carlos st, san jose, ca, 95112, us",8.167278911564626,7.24,3.7859661295966758,4.3,147,81,4.86,11.6,4.24,3.74,5.74,ca,95112,Santa Clara,2024-04-05,1,0,1,0
109,Jack in the Box,"15030 perris boulevard, moreno valley, ca, 92551, us",7.489733333333338,6.61,3.7709721021979936,4.5,150,30,5.61,11.48,3.61,3.24,4.49,ca,92551,Riverside,2024-04-05,1,0,1,0
110,Jack in the Box,"1504 pacific ave, stockton, ca, 95204, us",8.575394736842103,7.86,4.264241908558794,3.9,152,19,6.99,13.85,4.11,3.74,4.99,ca,95204,San Joaquin,2024-04-05,1,0,1,0
111,Jack in the Box,"1826 webster st, alameda, ca, 94501, us",8.62630872483221,7.49,4.165033633289645,4.5,149,85,6.86,13.73,4.11,3.74,5.24,ca,94501,Alameda,2024-04-05,1,0,1,0
112,The Habit,"2640 5th st, alameda, ca, 94501, us",11.687341772151905,8.99,10.917648435638714,4.6,79,25,9.74,18.24,8.61,7.49,4.74,ca,94501,Alameda,2024-04-05,1,0,1,0
113,Five Guys,"2254 south shore center, alameda, ca, 94501, us",8.923333333333332,9.11,3.179489826301628,4.6,27,91,13.79,,10.31,9.83,7.19,ca,94501,Alameda,2024-04-05,1,0,1,0
114,Jack in the Box,"18555 mission blvd, hayward, ca, 94541, us",8.591006711409394,7.86,4.192523345989424,4.5,149,38,6.99,12.85,4.11,3.61,4.99,ca,94541,Alameda,2024-04-05,1,0,1,0
115,The Habit,"22301 foothill boulevard, hayward, ca, 94541, us",11.629873417721527,8.99,10.825256508045879,4.4,79,37,9.74,18.24,8.61,7.49,4.61,ca,94541,Alameda,2024-04-05,1,0,1,0
116,Five Guys,"19621 hesperian blvd, hayward, ca, 94541, us",8.892222222222221,9.11,3.2316826638001093,4.9,27,51,13.79,,10.31,9.83,7.19,ca,94541,Alameda,2024-04-05,1,0,1,0
117,Jack in the Box,"1923 douglas blvd, roseville, ca, 95661, us",8.573749999999997,7.86,4.263119196035372,4.1,152,13,6.99,13.85,4.11,3.74,4.99,ca,95661,Placer,2024-04-05,1,0,1,0
118,Five Guys,"8620 sierra college blvd., roseville, ca, 95661, us",9.908620689655173,10.07,3.707267535565999,4.7,58,23,15.47,,12.47,11.15,8.75,ca,95661,Placer,2024-04-05,1,0,1,0
119,Jack in the Box,"200 west el camino real, mountain view, ca, 94040, us",8.296174496644294,7.49,4.158509767492372,4.6,149,40,6.86,13.23,3.99,3.74,4.99,ca,94040,Santa Clara,2024-04-05,1,0,1,0
120,Jack in the Box,"2560 w el camino ave, sacramento, ca, 95833, us",8.572039473684205,7.86,4.264571049388668,3.6,152,45,6.99,13.85,4.11,3.74,4.99,ca,95833,Sacramento,2024-04-05,1,0,1,0
121,Jack in the Box,"26547 bouquet canyon road, santa clarita, ca, 91350, us",8.331933333333332,7.49,4.57817863298884,4.6,150,80,6.86,13.74,3.74,3.11,3.74,ca,91350,Los Angeles,2024-04-05,1,0,1,0
122,Wendy,"26538 bouquet canyon, saugus, ca, 91350, us",6.3678431372549,5.23,3.1010221678017724,4.6,89,29,3.65,0.0,,,2.79,ca,91350,Los Angeles,2024-04-05,1,0,1,0
123,Jack in the Box,"3110 e tulare st, fresno, ca, 93702, us",8.060866666666666,6.86,4.113495340407664,4.2,150,29,6.61,13.35,3.74,3.36,4.99,ca,93702,Fresno,2024-04-05,1,0,1,0
124,Jack in the Box,"3434 14th st, riverside, ca, 92501, us",8.380266666666666,7.365,4.245507421053722,4.2,150,13,7.86,14.85,3.74,3.49,4.99,ca,92501,Riverside,2024-04-05,1,0,1,0
125,Jack in the Box,"366 bayshore blvd, san francisco, ca, 94124, us",9.301428571428572,8.49,4.52455597851558,4.3,147,100+,7.49,14.6,4.49,4.24,6.24,ca,94124,San Francisco,2024-04-05,1,0,1,0
126,Jack in the Box,"390 santa rosa street, san luis obispo, ca, 93405, us",8.417702702702702,7.49,4.077877212504437,4.7,148,50+,6.86,12.98,4.11,3.74,4.99,ca,93405,San Luis Obispo,2024-04-05,1,0,1,0
127,Burger King,"1358 madonna road, san luis obispo, ca, 93405, us",8.931794871794876,6.6899999999999995,5.844769027392226,4.6,78,36,10.29,15.29,2.79,5.39,4.89,ca,93405,San Luis Obispo,2024-04-05,1,0,1,0
128,Five Guys,"763 east foothill blvd, san luis obisp, ca, 93405, us",9.908620689655173,10.07,3.707267535565999,4.6,29,19,15.47,,12.47,11.15,8.75,ca,93405,San Luis Obispo,2024-04-05,1,0,1,0
129,Jack in the Box,"400 geary st, san francisco, ca, 94102, us",9.28718120805369,8.49,4.496586487658071,4.5,149,100+,7.49,14.6,4.49,4.24,6.24,ca,94102,San Francisco,2024-04-05,1,0,1,0
130,Jack in the Box,"40015 mission blvd, fremont, ca, 94539, us",8.119530201342283,7.11,3.782686686898022,4.7,149,15,4.86,11.6,4.24,3.74,5.74,ca,94539,Alameda,2024-04-05,1,0,1,0
131,Jack in the Box,"425 sebastopol road, santa rosa, ca, 95407, us",8.668999999999992,7.86,4.329206971259289,4.5,150,32,7.24,14.23,4.11,3.74,4.99,ca,95407,Sonoma,2024-04-05,1,0,1,0
132,Wendy,"1850, santa rosa, ca, 95407, us",6.183454545454543,5.23,3.1634953155600285,4.5,93,65,7.92,0.0,3.04,2.67,0.0,ca,95407,Sonoma,2024-04-05,1,0,1,0
133,Jack in the Box,"495 n d st, san bernardino, ca, 92401, us",8.038607594936707,7.24,3.942243059438264,4.7,158,50+,6.86,13.36,3.49,3.11,4.86,ca,92401,San Bernardino,2024-04-05,1,0,1,0
134,Jack in the Box,"516 north beaudry avenue, los angeles, ca, 90012, us",7.536845637583897,6.25,3.7901022789493513,4.3,149,85,5.61,11.48,3.61,3.24,4.49,ca,90012,Los Angeles,2024-04-05,1,0,1,0
135,Burger King,"700 east cesar e chavez avenue, los angeles, ca, 90012, us",8.970256410256416,6.6899999999999995,5.813354646152779,4.5,78,100,10.29,15.29,2.79,5.39,4.89,ca,90012,Los Angeles,2024-04-05,1,0,1,0
136,Jack in the Box,"555 east 3rd avenue, san mateo, ca, 94401, us",7.466375838926175,6.61,3.787294232524264,4.2,149,100+,5.61,11.73,3.61,3.24,4.49,ca,94401,San Mateo,2024-04-05,1,0,1,0
137,Jack in the Box,"645 south main street, salinas, ca, 93901, us",8.257191780821918,7.49,4.140684997786156,4.5,146,18,6.86,13.23,3.99,3.74,4.99,ca,93901,Monterey,2024-04-05,1,0,1,0
138,Burger King,"909 south main street, salinas, ca, 93901, us",8.754878048780494,6.54,6.012022557262267,4.3,82,10,9.49,16.11,2.59,4.69,4.74,ca,93901,Monterey,2024-04-05,1,0,1,0
139,Jack in the Box,"7135 redwood blvd., novato, ca, 94945, us",8.67073333333333,7.86,4.330410003170085,0.0,150,5,7.24,14.23,4.11,3.74,4.99,ca,94945,Marin,2024-04-05,1,0,1,0
140,Jack in the Box,"7217 mission st, daly city, ca, 94014, us",7.523835616438361,6.550000000000001,3.8713372897920193,4.8,146,100+,5.61,11.73,3.24,2.86,4.49,ca,94014,San Mateo,2024-04-05,1,0,1,0
141,Burger King,"111, colma, ca, 94014, us",9.174819277108437,6.89,6.19899843473486,4.4,83,39,10.26,17.54,2.89,4.89,5.97,ca,94014,San Mateo,2024-04-05,1,0,1,0
142,Jack in the Box,"9620 e stockton blvd, elk grove, ca, 95624, us",8.354154929577465,7.11,4.269651541502654,4.5,142,14,6.61,13.48,3.61,3.36,4.99,ca,95624,Sacramento,2024-04-05,1,0,1,0
143,Wendy,"8871 bond road, elk grove, ca, 95624, us",7.551785714285715,6.04,4.5230205248669115,4.2,97,20,8.77,0.0,3.89,3.53,0.0,ca,95624,Sacramento,2024-04-05,1,0,1,0
144,Burger King,"9181 east stockton boulevard, elk grove, ca, 95624, us",8.700625000000002,6.29,6.039947711642459,4.0,80,12,9.09,15.85,2.69,4.79,4.93,ca,95624,Sacramento,2024-04-05,1,0,1,0
145,Wendy,"1110 s. mt. vernon ave., colton, ca, 92324, us",7.6867272727272695,6.33,3.5235178983744784,4.6,94,29,8.89,0.0,4.01,3.65,0.0,ca,92324,San Bernardino,2024-04-05,1,0,1,0
146,The Habit,"1550 w valley blvd, colton, ca, 92324, us",11.77256410256411,8.99,10.976303781666639,4.3,78,22,9.74,18.24,8.61,7.49,4.74,ca,92324,San Bernardino,2024-04-05,1,0,1,0
147,Wendy,"1111 camino del rio s., mission valley, ca, 92108, us",7.092181818181819,6.09,3.174758224672229,4.5,95,42,8.53,0.0,3.89,3.4,0.0,ca,92108,San Diego,2024-04-05,1,0,1,0
148,The Habit,"845 camino de la reina, san diego, ca, 92108, us",11.797922077922085,8.99,11.036661143150736,4.6,77,84,9.74,18.24,8.61,7.49,4.74,ca,92108,San Diego,2024-04-05,1,0,1,0
149,Wendy,"12201 san pablo avenue, richmond, ca, 94805, us",4.998928571428572,4.24,2.620065210864736,4.6,94,73,6.49,0.0,2.49,2.19,0.0,ca,94805,Contra Costa,2024-04-05,1,0,1,0
150,Wendy,"1369 north davis road, salinas, ca, 93907, us",6.191111111111111,5.97,2.939280503208771,4.8,79,10,7.31,0.0,3.28,2.67,0.0,ca,93907,Monterey,2024-04-05,1,0,1,0
151,Wendy,"1480 freedom blvd, watsonville, ca, 95076, us",6.708200000000001,5.48,3.1225468387199573,4.4,84,17,9.02,0.0,3.77,3.4,0.0,ca,95076,Santa Cruz,2024-04-05,1,0,1,0
152,Wendy,"1501 mchenry ave, modesto, ca, 95350, us",7.479200000000003,7.06,3.630778891642948,4.2,90,23,9.14,0.0,3.65,3.16,0.0,ca,95350,Stanislaus,2024-04-05,1,0,1,0
153,Sonic,"1420 mchenry ave, modesto, ca, 95350, us",4.338857142857142,3.77,2.0295724693056085,4.5,84,26,8.53,0.0,4.87,,0.0,ca,95350,Stanislaus,2024-04-05,1,0,1,0
154,The Habit,"1801 mchenry ave, modesto, ca, 95350, us",10.83544303797469,8.24,10.11367401189633,4.7,79,17,9.24,16.86,8.36,7.24,4.11,ca,95350,Stanislaus,2024-04-05,1,0,1,0
155,Wendy,"1580 e. noble avenue, visalia, ca, 93292, us",7.551785714285715,6.04,4.5230205248669115,4.4,97,338,8.77,0.0,3.89,3.53,0.0,ca,93292,Tulare,2024-04-05,1,0,1,0
156,Wendy,"1737 e 17th st, santa ana, ca, 92705, us",6.69618181818182,5.48,3.2831977155921352,4.6,95,66,8.41,0.0,3.65,3.65,0.0,ca,92705,Orange,2024-04-05,1,0,1,0
157,Wendy,"175 n ventura road, port hueneme, ca, 93041, us",6.377346938775509,5.72,3.0609907529813882,4.4,84,18,7.8,0.0,3.53,3.16,0.0,ca,93041,Ventura,2024-04-05,1,0,1,0
158,Wendy,"176 gateway blvd, s.san francisco, ca, 94080, us",6.473000000000001,5.355,3.0104612603386873,4.6,84,54,9.26,0.0,3.89,3.16,0.0,ca,94080,San Mateo,2024-04-05,1,0,1,0
159,Five Guys,"2278 westborough blvd., south san francisco, ca, 94080, us",9.075714285714287,9.59,3.4434320800323492,4.7,84,100+,14.39,,11.39,10.19,7.55,ca,94080,San Mateo,2024-04-05,1,0,1,0
160,Wendy,"2120 n preisker lane, santa maria, ca, 93458, us",6.349122807017544,5.23,3.142183440601793,0.0,98,6,7.92,0.0,3.65,2.79,0.0,ca,93458,Santa Barbara,2024-04-05,1,0,1,0
161,Wendy,"2275 mc kee road, san jose, ca, 95133, us",7.4110000000000005,5.48,3.8620167011549813,4.7,84,60,10.36,0.0,4.26,2.92,0.0,ca,95133,Santa Clara,2024-04-05,1,0,1,0
162,Wendy,"2360 arena blvd, sacramento, ca, 95834, us",7.063859649122806,5.6,3.7180657838833464,4.1,98,35,8.97,0.0,3.97,3.6,0.0,ca,95834,Sacramento,2024-04-05,1,0,1,0
163,Wendy,"23750 main street, carson, ca, 90745, us",7.6867272727272695,6.33,3.523517898374478,4.6,96,118,8.89,0.0,4.01,3.65,0.0,ca,90745,Los Angeles,2024-04-05,1,0,1,0
164,Wendy,"23969 mission blvd., hayward, ca, 94544, us",6.098928571428568,5.17,3.19717826403859,4.6,94,99,7.92,0.0,3.04,2.67,0.0,ca,94544,Alameda,2024-04-05,1,0,1,0
165,Sonic,"31187 mission boulevard, hayward, ca, 94544, us",4.503939393939396,3.8,2.258131353231721,4.2,648,52,8.79,0.0,3.8,,0.0,ca,94544,Alameda,2024-04-05,1,0,1,0
166,Wendy,"2439 march ln., stockton, ca, 95207, us",6.932800000000001,5.54,3.4546866949117105,4.3,86,20,9.14,0.0,3.65,3.16,0.0,ca,95207,San Joaquin,2024-04-05,1,0,1,0
167,Five Guys,"5633 pacific ave, stockton, ca, 95207, us",9.908620689655173,10.07,3.707267535565999,4.6,29,16,15.47,,12.47,11.15,8.75,ca,95207,San Joaquin,2024-04-05,1,0,1,0
168,Wendy,"3565 central ave, riverside, ca, 92506, us",6.535370370370369,5.355,3.1046254100776567,4.4,93,47,7.92,0.0,3.65,2.79,0.0,ca,92506,Riverside,2024-04-05,1,0,1,0
169,The Habit,"3555, riverside, ca, 92506, us",11.367974683544311,8.74,10.61066139025271,4.0,79,22,9.61,17.98,8.49,7.36,4.61,ca,92506,Riverside,2024-04-05,1,0,1,0
170,Wendy,"39175 blacow road, fremont, ca, 94538, us",6.128181818181814,5.23,3.1308901382596037,4.8,93,60,7.92,0.0,3.04,2.67,0.0,ca,94538,Alameda,2024-04-05,1,0,1,0
171,Burger King,"3996 washington boulevard, fremont, ca, 94538, us",10.168536585365855,8.725,5.948236287471133,4.2,82,27,10.2,17.03,4.93,6.91,4.39,ca,94538,Alameda,2024-04-05,1,0,1,0
172,The Habit,"43830 pacific commons blvd, fremont, ca, 94538, us",11.563417721518995,8.74,10.822362675903996,4.6,79,18,9.74,18.24,8.61,7.49,4.74,ca,94538,Alameda,2024-04-05,1,0,1,0
173,Five Guys,"43518 christy street, fremont, ca, 94538, us",8.715714285714286,9.11,3.303326709082645,4.8,28,45,13.79,,10.31,9.83,7.19,ca,94538,Alameda,2024-04-05,1,0,1,0
174,Wendy,"40460, murrieta, ca, 92563, us",6.863333333333334,5.97,3.1416202472255885,4.4,93,28,8.28,0.0,3.65,3.28,0.0,ca,92563,Riverside,2024-04-05,1,0,1,0
175,Sonic,"39490, murrieta, ca, 92563, us",5.710322580645162,4.87,2.592527081851851,4.3,80,35,10.36,0.0,4.87,,0.0,ca,92563,Riverside,2024-04-05,1,0,1,0
176,Wendy,"499 el camino real, san bruno, ca, 94066, us",6.7059999999999995,5.48,2.933779132791015,4.9,168,70,8.53,0.0,4.14,3.65,0.0,ca,94066,San Mateo,2024-04-05,1,0,1,0
177,Wendy,"500 e washington st, petaluma, ca, 94952, us",6.044642857142853,5.050000000000001,3.1640576143197356,4.6,94,23,7.92,0.0,3.04,2.67,0.0,ca,94952,Marin,2024-04-05,1,0,1,0
178,Five Guys,"401 kenilworth drive, petaluma, ca, 94952, us",9.249199999999997,9.47,2.890516798083,4.7,50,23,13.67,,10.07,9.47,7.19,ca,94952,Marin,2024-04-05,1,0,1,0
179,Wendy,"5211 broadway, oakland, ca, 94618, us",6.0989285714285675,5.17,3.19717826403859,4.5,94,100+,7.92,0.0,3.04,2.67,0.0,ca,94618,Alameda,2024-04-05,1,0,1,0
180,Wendy,"5724 holli, goleta, ca, 93117, us",6.893636363636365,5.97,3.1208835366906555,4.7,95,41,8.28,0.0,3.65,3.28,0.0,ca,93117,Santa Barbara,2024-04-05,1,0,1,0
181,Wendy,"5943, pacheco, ca, 94553, us",6.745714285714285,5.6,3.143074667796956,4.5,83,41,9.02,0.0,3.77,3.4,0.0,ca,94553,Contra Costa,2024-04-05,1,0,1,0
182,Wendy,"680 n. euclid ave., anaheim, ca, 92801, us",7.324599999999997,6.33,3.3767648481942,4.5,85,72,8.89,0.0,4.01,3.65,0.0,ca,92801,Orange,2024-04-05,1,0,1,0
183,Sonic,"1632 lemon st, anaheim, ca, 92801, us",5.231714285714287,4.87,2.212445945379116,4.2,84,69,9.38,0.0,4.87,,0.0,ca,92801,Orange,2024-04-05,1,0,1,0
184,Wendy,"698 ralston avenue, belmont, ca, 94002, us",6.407399999999998,5.6,3.0760739978095453,4.4,83,54,9.26,0.0,3.16,2.67,0.0,ca,94002,San Mateo,2024-04-05,1,0,1,0
185,Wendy,"800 south figueroa street, los angeles, ca, 90017, us",7.135192307692308,6.085,3.390654288110083,4.4,88,200+,9.14,0.0,4.14,3.65,0.0,ca,90017,Los Angeles,2024-04-05,1,0,1,0
186,The Habit,"888 s hope st, los angeles, ca, 90017, us",11.563417721518995,8.74,10.822362675903994,4.7,79,131,9.74,18.24,8.61,7.49,4.74,ca,90017,Los Angeles,2024-04-05,1,0,1,0
187,Five Guys,"735 s. figueroa st., #120, los angeles, ca, 90017, us",9.908620689655171,10.07,3.707267535565998,4.6,29,133,15.47,,12.47,11.15,8.75,ca,90017,Los Angeles,2024-04-05,1,0,1,0
188,Shake Shack,"120 promenade way, thousand oaks, ca, 91362, us",8.434444444444445,7.89,2.8553696437535256,4.6,46,224,9.59,,9.39,8.99,5.79,ca,91362,Ventura,2024-04-05,1,0,1,0
189,Shake Shack,"12456 north mainstreet, rancho cucamonga, ca, 91739, us",7.855909090909098,7.59,2.834603001048598,4.6,180,50+,8.99,,8.79,8.39,5.49,ca,91739,San Bernardino,2024-04-05,1,0,1,0
190,Shake Shack,"1401, larkspur, ca, 94939, us",8.385555555555554,7.89,2.77408287591938,4.6,92,87,9.59,,9.39,8.99,5.79,ca,94939,Marin,2024-04-05,1,0,1,0
191,Shake Shack,"1604 mount diablo boulevard, walnut creek, ca, 94596, us",8.403953488372096,7.89,2.8283104822284244,4.4,44,79,9.59,,9.39,8.99,5.79,ca,94596,Contra Costa,2024-04-05,1,0,1,0
192,Shake Shack,"1954 telegraph avenue, oakland, ca, 94612, us",8.181111111111113,7.59,2.844552081296785,4.6,46,100+,9.59,,9.39,8.99,5.49,ca,94612,Alameda,2024-04-05,1,0,1,0
193,Shake Shack,"2424 magowan drive, santa rosa, ca, 95405, us",8.403953488372094,7.89,2.8283104822284235,4.4,44,30,9.59,,9.39,8.99,5.79,ca,95405,Sonoma,2024-04-05,1,0,1,0
194,Shake Shack,"2855 stevens creek boulevard, santa clara, ca, 95050, us",8.390000000000002,7.89,2.8052710126733666,4.4,45,100+,9.59,,9.39,8.99,5.79,ca,95050,Santa Clara,2024-04-05,1,0,1,0
195,Shake Shack,"3030 plaza bonita road suite f3, national city, ca, 91950, us",8.052222222222222,7.59,2.818927210355733,4.7,46,100+,9.39,,8.99,8.79,5.49,ca,91950,San Diego,2024-04-05,1,0,1,0
196,Sonic,"3005 highland ave, national city, ca, 91950, us",5.690967741935483,4.87,2.578037957175347,4.5,80,100+,10.36,0.0,4.87,,0.0,ca,91950,San Diego,2024-04-05,1,0,1,0
197,Shake Shack,"3251 20th avenue, san francisco, ca, 94132, us",8.217272727272729,7.59,2.8664488353396145,4.6,90,100+,9.59,,9.39,8.99,5.49,ca,94132,San Francisco,2024-04-05,1,0,1,0
198,Shake Shack,"33 hillsdale shopping center, san mateo, ca, 94403, us",8.380697674418608,7.89,2.7470757351492434,4.7,44,100+,9.59,,9.39,8.99,5.79,ca,94403,San Mateo,2024-04-05,1,0,1,0
199,Burger King,"2817 south el camino real, san mateo, ca, 94403, us",9.174819277108435,6.89,6.198998434734858,4.6,83,67,10.26,17.54,2.89,4.89,5.97,ca,94403,San Mateo,2024-04-05,1,0,1,0
200,Shake Shack,"330 south hope st, los angeles, ca, 90071, us",8.183181818181819,7.59,2.9436679135262467,4.6,45,91,9.59,,9.39,8.99,5.49,ca,90071,Los Angeles,2024-04-05,1,0,1,0
201,Shake Shack,"3525 west carson street, space vc 08, torrance, ca, 90503, us",8.094545454545456,7.59,2.817474251350807,4.5,45,112,9.59,,9.39,8.99,5.49,ca,90503,Los Angeles,2024-04-05,1,0,1,0
202,Shake Shack,"512 spectrum center drive, irvine, ca, 92618, us",8.233478260869566,7.59,2.8953975602904873,4.3,47,100+,9.59,,9.39,8.99,5.49,ca,92618,Orange,2024-04-05,1,0,1,0
203,Shake Shack,"6440 pacific coast hwy, long beach, ca, 90803, us",8.230000000000002,7.59,2.927296819023767,4.7,46,200+,9.59,,9.39,8.99,5.49,ca,90803,Los Angeles,2024-04-05,1,0,1,0
204,Five Guys,"6650 e pch, long beach, ca, 90803, us",9.908620689655173,10.07,3.707267535565999,4.8,29,30,15.47,,12.47,11.15,8.75,ca,90803,Los Angeles,2024-04-05,1,0,1,0
205,Shake Shack,"6443 topanga canyon blvd, los angeles, ca, 91303, us",8.094545454545456,7.59,2.817474251350807,4.8,45,192,9.59,,9.39,8.99,5.49,ca,91303,Los Angeles,2024-04-05,1,0,1,0
206,Shake Shack,"7740 el camino real, carlsbad, ca, 92009, us",8.004583333333336,7.59,2.743855983779437,4.6,98,87,9.39,,8.99,8.79,5.49,ca,92009,San Diego,2024-04-05,1,0,1,0
207,Shake Shack,"845 market street, san francisco, ca, 94103, us",8.296321839080466,7.89,2.670940948727998,4.5,178,100+,9.59,,9.39,8.99,5.79,ca,94103,San Francisco,2024-04-05,1,0,1,0
208,Shake Shack,"925 blossom hill road, san jose, ca, 95123, us",8.181111111111111,7.59,2.8445520812967855,4.5,46,61,9.59,,9.39,8.99,5.49,ca,95123,Santa Clara,2024-04-05,1,0,1,0
209,Burger King,"1030 mclaughlin ave., san jose, ca, 95122, us",8.606419753086426,7.09,6.027680861205914,4.4,81,34,9.23,15.58,2.63,4.67,4.31,ca,95122,Santa Clara,2024-04-05,1,0,1,0
210,Burger King,"1042 north carpenter road, modesto, ca, 95351, us",10.117848101265832,8.09,6.047510978924958,4.1,79,14,10.09,17.79,4.29,5.69,5.49,ca,95351,Stanislaus,2024-04-05,1,0,1,0
211,Burger King,"115, lincoln, ca, 95648, us",8.836883116883119,6.39,6.110839477208388,4.6,77,12,9.09,15.85,2.69,4.79,4.93,ca,95648,Placer,2024-04-05,1,0,1,0
212,Burger King,"1233, fresno, ca, 93706, us",10.185061728395072,8.09,6.027199690345484,4.3,81,10,9.99,17.69,4.19,5.49,5.49,ca,93706,Fresno,2024-04-05,1,0,1,0
213,Burger King,"1541 east 12th street, oakland, ca, 94606, us",9.01842105263158,7.39,5.9625103006932045,4.5,76,34,8.99,15.49,3.59,5.39,4.69,ca,94606,Alameda,2024-04-05,1,0,1,0
214,Burger King,"2001 north, oxnard, ca, 93036, us",8.970256410256415,6.6899999999999995,5.81335464615278,3.7,78,11,10.29,15.29,2.79,5.39,4.89,ca,93036,Ventura,2024-04-05,1,0,1,0
215,The Habit,"2350 e vineyard ave, oxnard, ca, 93036, us",10.835443037974692,8.24,10.11367401189633,4.6,79,31,9.24,16.86,8.36,7.24,4.11,ca,93036,Ventura,2024-04-05,1,0,1,0
216,Five Guys,"2730 portico way, oxnard, ca, 93036, us",9.87551724137931,10.07,3.6992409158029997,4.5,29,25,15.47,,12.47,11.15,8.75,ca,93036,Ventura,2024-04-05,1,0,1,0
217,Burger King,"23125 hemlock avenue, moreno valley, ca, 92557, us",8.970256410256416,6.6899999999999995,5.81335464615278,4.8,78,11,10.29,15.29,2.79,5.39,4.89,ca,92557,Riverside,2024-04-05,1,0,1,0
218,Burger King,"24530 lyons avenue, newhall, ca, 91321, us",10.392249999999997,8.809999999999999,8.36811149169871,4.6,80,45,9.69,15.19,4.79,7.39,4.99,ca,91321,Los Angeles,2024-04-05,1,0,1,0
219,Burger King,"2757, castro valley, ca, 94546, us",9.910370370370375,8.59,5.904921873484997,4.4,81,15,10.2,17.03,4.93,6.91,4.39,ca,94546,Alameda,2024-04-05,1,0,1,0
220,Burger King,"3405 union ave, bakersfield, ca, 93305, us",8.558658536585371,6.95,5.886018315899981,4.1,82,17,8.24,14.49,2.89,11.43,4.61,ca,93305,Kern,2024-04-05,1,0,1,0
221,Burger King,"3746 mission avenue, oceanside, ca, 92058, us",9.701549295774656,9.19,4.441747736172697,4.4,71,25,11.49,15.69,4.99,8.99,7.79,ca,92058,San Diego,2024-04-05,1,0,1,0
222,Burger King,"5121 foothills boulevard, roseville, ca, 95747, us",8.700625000000004,6.29,6.039947711642459,4.5,80,20,9.09,15.85,2.69,4.79,4.93,ca,95747,Placer,2024-04-05,1,0,1,0
223,Burger King,"56 mission circle, santa rosa, ca, 95409, us",8.96225,7.109999999999999,5.968384826525515,4.3,80,22,9.69,15.25,4.19,4.33,5.09,ca,95409,Sonoma,2024-04-05,1,0,1,0
224,Burger King,"702 north wilson way, stockton, ca, 95205, us",10.155822784810134,8.09,6.063438596552653,4.1,79,14,10.19,17.89,4.39,5.79,5.49,ca,95205,San Joaquin,2024-04-05,1,0,1,0
225,Burger King,"763 ikea ct #120, west sacramento, ca, 95605, us",8.700625,6.29,6.03994771164246,4.2,80,10,9.09,15.85,2.69,4.79,4.93,ca,95605,Yolo,2024-04-05,1,0,1,0
226,Five Guys,"768 ikea ct., suite 120, west sacramento, ca, 95605, us",9.908620689655171,10.07,3.7072675355659985,4.8,29,19,15.47,,12.47,11.15,8.75,ca,95605,Yolo,2024-04-05,1,0,1,0
227,Burger King,"773 north mathilda avenue, sunnyvale, ca, 94085, us",9.910370370370371,8.59,5.904921873484998,4.8,81,78,10.2,17.03,4.93,6.91,4.39,ca,94085,Santa Clara,2024-04-05,1,0,1,0
228,Burger King,"819 van ness avenue, san francisco, ca, 94109, us",9.193690476190477,6.89,6.177861546291517,4.5,84,100+,10.26,17.93,2.89,4.89,5.97,ca,94109,San Francisco,2024-04-05,1,0,1,0
229,Sonic,"101 main st, vista, ca, 92084, us",5.690967741935483,4.87,2.5780379571753467,4.2,80,32,10.36,0.0,4.87,,0.0,ca,92084,San Diego,2024-04-05,1,0,1,0
230,Sonic,"10354 trinity parkway, stockton, ca, 95219, us",4.6166666666666645,3.89,2.0829446910224445,4.9,82,14,9.02,0.0,4.87,,0.0,ca,95219,San Joaquin,2024-04-05,1,0,1,0
231,The Habit,"2829 w march ln, stockton, ca, 95219, us",10.952405063291144,8.36,10.33708295841183,3.8999999999999995,79,27,9.24,16.99,8.36,7.24,4.24,ca,95219,San Joaquin,2024-04-05,1,0,1,0
232,Sonic,"1060 west renaissance parkway, rialto, ca, 92376, us",5.234857142857144,4.87,2.270564903188596,4.5,168,50+,8.89,0.0,4.87,,0.0,ca,92376,San Bernardino,2024-04-05,1,0,1,0
233,Sonic,"1070 e huntington dr, duarte, ca, 91010, us",5.2205714285714295,4.87,2.243830835051192,4.6,84,88,8.89,0.0,4.87,,0.0,ca,91010,Los Angeles,2024-04-05,1,0,1,0
234,Sonic,"1400 north park boulevard, pittsburg, ca, 94565, us",6.046571428571427,4.87,2.6232084420823756,4.3,84,11,10.85,0.0,4.87,,0.0,ca,94565,Contra Costa,2024-04-05,1,0,1,0
235,Sonic,"151 bella vista road, vacaville, ca, 95687, us",5.097058823529411,4.79,2.2891194420713843,4.5,82,13,9.47,0.0,4.79,,0.0,ca,95687,Solano,2024-04-05,1,0,1,0
236,Sonic,"1580 e main st, woodland, ca, 95776, us",5.149999999999999,4.79,2.2463146288453686,4.7,82,13,9.47,0.0,4.79,,0.0,ca,95776,Yolo,2024-04-05,1,0,1,0
237,Sonic,"17811 beach blvd, huntington beach, ca, 92647, us",5.33205882352941,4.87,2.275530680718837,4.4,82,49,9.14,0.0,4.87,,0.0,ca,92647,Orange,2024-04-05,1,0,1,0
238,Sonic,"2829 el cajon blvd, san diego, ca, 92104, us",5.6234375,4.87,2.5651420640178486,4.4,81,100+,10.36,0.0,4.87,,0.0,ca,92104,San Diego,2024-04-05,1,0,1,0
239,Sonic,"3531 south fairview street, santa ana, ca, 92704, us",5.185428571428572,4.87,2.24697808859193,4.6,83,33,8.89,0.0,4.87,,0.0,ca,92704,Orange,2024-04-05,1,0,1,0
240,The Habit,"2640 south bristol street, santa ana, ca, 92704, us",11.42256410256411,8.74,10.66743299761997,4.7,78,21,9.61,17.98,8.49,7.36,4.61,ca,92704,Orange,2024-04-05,1,0,1,0
241,Sonic,"3701 mall view rd, bakersfield, ca, 93306, us",5.234857142857146,4.87,2.218203097011596,4.6,84,50+,9.38,0.0,4.87,,0.0,ca,93306,Kern,2024-04-05,1,0,1,0
242,Sonic,"6055 main street, american canyon, ca, 94503, us",5.146470588235294,4.79,2.251114602817303,4.4,166,14,9.47,0.0,4.79,,0.0,ca,94503,Napa,2024-04-05,1,0,1,0
243,Sonic,"9505 magnolia ave, riverside, ca, 92503, us",5.710322580645162,4.87,2.592527081851851,4.3,160,32,10.36,0.0,4.87,,0.0,ca,92503,Riverside,2024-04-05,1,0,1,0
244,Carls Jr,"229 west 7th street, los angeles, ca, 90014, us",7.219999999999998,5.9399999999999995,3.604677516782881,4.8,87,60,11.59,0.0,5.99,5.89,4.09,ca,90014,Los Angeles,2024-04-05,1,0,1,0
245,The Habit,"101 e orangethorpe ave, fullerton, ca, 92832, us",11.563417721518995,8.74,10.822362675903994,4.6,79,30,9.74,18.24,8.61,7.49,4.74,ca,92832,Orange,2024-04-05,1,0,1,0
246,The Habit,"118 plaza dr, vallejo, ca, 94591, us",11.563417721518995,8.74,10.822362675903994,4.6,79,51,9.74,18.24,8.61,7.49,4.74,ca,94591,Solano,2024-04-05,1,0,1,0
247,The Habit,"1297 chess dr, foster city, ca, 94404, us",11.77435897435898,8.99,10.975593505328737,4.7,78,27,9.74,18.24,8.61,7.49,4.74,ca,94404,San Mateo,2024-04-05,1,0,1,0
248,The Habit,"1510 monterey rd, san jose, ca, 95110, us",11.687341772151907,8.99,10.917648435638712,4.9,79,41,9.74,18.24,8.61,7.49,4.74,ca,95110,Santa Clara,2024-04-05,1,0,1,0
249,The Habit,"1602 north main st, salinas, ca, 93906, us",11.687341772151905,8.99,10.917648435638714,4.8,79,20,9.74,18.24,8.61,7.49,4.74,ca,93906,Monterey,2024-04-05,1,0,1,0
250,The Habit,"2005 cleveland ave, santa rosa, ca, 95401, us",11.563417721518995,8.74,10.822362675903994,4.4,79,32,9.74,18.24,8.61,7.49,4.74,ca,95401,Sonoma,2024-04-05,1,0,1,0
251,The Habit,"25948 mcbean parkway, santa clarita, ca, 91355, us",11.613289473684219,8.74,10.740923020730461,4.7,76,40,9.61,17.98,8.49,7.36,4.61,ca,91355,Los Angeles,2024-04-05,1,0,1,0
252,Five Guys,"24201 w, valencia, ca, 91355, us",9.908620689655171,10.07,3.7072675355659976,4.9,29,36,15.47,,12.47,11.15,8.75,ca,91355,Los Angeles,2024-04-05,1,0,1,0
253,The Habit,"3030 capitol avenue, sacramento, ca, 95816, us",11.629873417721527,8.99,10.825256508045879,4.3,79,27,9.74,18.24,8.61,7.49,4.61,ca,95816,Sacramento,2024-04-05,1,0,1,0
254,The Habit,"3520 n blackstone ave, fresno, ca, 93726, us",11.687341772151907,8.99,10.917648435638712,4.4,79,41,9.74,18.24,8.61,7.49,4.74,ca,93726,Fresno,2024-04-05,1,0,1,0
255,The Habit,"36350 hidden springs rd, wildomar, ca, 92595, us",11.367974683544311,8.74,10.61066139025271,4.3,79,21,9.61,17.98,8.49,7.36,4.61,ca,92595,Riverside,2024-04-05,1,0,1,0
256,The Habit,"3900 california ave, bakersfield, ca, 93309, us",11.36797468354431,8.74,10.61066139025271,4.6,79,19,9.61,17.98,8.49,7.36,4.61,ca,93309,Kern,2024-04-05,1,0,1,0
257,The Habit,"4542 east pacific coast highway, long beach, ca, 90804, us",10.702405063291145,8.11,9.9624900571956,4.7,79,70,9.24,16.74,8.24,7.11,3.99,ca,90804,Los Angeles,2024-04-05,1,0,1,0
258,The Habit,"496 las gallinas avenue, san rafael, ca, 94903, us",11.687341772151907,8.99,10.917648435638714,4.7,79,33,9.74,18.24,8.61,7.49,4.74,ca,94903,Marin,2024-04-05,1,0,1,0
259,The Habit,"628 state street, santa barbara, ca, 93101, us",10.093593750000005,7.775,10.64983793409369,4.5,64,42,9.24,16.86,8.36,7.24,4.11,ca,93101,Santa Barbara,2024-04-05,1,0,1,0
260,The Habit,"839 higuera st, san luis obispo, ca, 93401, us",11.563417721518995,8.74,10.822362675903994,4.7,79,47,9.74,18.24,8.61,7.49,4.74,ca,93401,San Luis Obispo,2024-04-05,1,0,1,0
261,The Habit,"924 diablo ave, novato, ca, 94947, us",11.629873417721527,8.99,10.825256508045877,4.4,79,24,9.74,18.24,8.61,7.49,4.61,ca,94947,Marin,2024-04-05,1,0,1,0
262,Five Guys,"100 crescent drive, pleasant hill, ca, 94523, us",8.832758620689658,9.59,3.6002901191065186,4.7,29,44,14.39,,11.39,10.19,7.55,ca,94523,Contra Costa,2024-04-05,1,0,1,0
263,Five Guys,"10060 alabama street, redlands, ca, 92374, us",8.327931034482756,8.27,3.1468795483455483,4.9,29,48,13.19,,10.43,9.23,7.19,ca,92374,San Bernardino,2024-04-05,1,0,1,0
264,Five Guys,"10540 sierra avenue, fontana, ca, 92337, us",8.458571428571428,8.69,3.1047034759328285,4.7,56,33,13.19,,10.43,9.23,7.19,ca,92337,San Bernardino,2024-04-05,1,0,1,0
265,Five Guys,"1205 the alameda, suite 10, san jose, ca, 95126, us",8.915517241379312,9.59,3.4918107013182524,4.6,29,80,14.15,,11.27,10.43,7.67,ca,95126,Santa Clara,2024-04-05,1,0,1,0
266,Five Guys,"1229 e. grand ave., arroyo grande, ca, 93420, us",9.116551724137931,10.07,3.492919217662745,5.0,29,25,14.15,,11.27,10.07,7.91,ca,93420,San Luis Obispo,2024-04-05,1,0,1,0
267,Five Guys,"12719 main street, hesperia, ca, 92344, us",7.833199999999998,7.67,3.3866168605261504,4.7,25,38,12.95,,10.19,9.11,6.95,ca,92344,San Bernardino,2024-04-05,1,0,1,0
268,Five Guys,"203 primrose drive, burlingame, ca, 94010, us",8.608571428571427,9.11,3.4096917689409514,4.6,28,84,13.79,,10.31,9.83,7.19,ca,94010,San Mateo,2024-04-05,1,0,1,0
269,Five Guys,"2207 claribel road, riverbank, ca, 95357, us",9.908620689655171,10.07,3.707267535565998,4.8,29,13,15.47,,12.47,11.15,8.75,ca,95357,Stanislaus,2024-04-05,1,0,1,0
270,Five Guys,"2280 mendocino ave. b-5, santa rosa, ca, 95403, us",8.825555555555555,9.11,3.1611218511826924,4.3,27,32,13.67,,10.07,9.47,7.19,ca,95403,Sonoma,2024-04-05,1,0,1,0
271,Five Guys,"2519 palomar airport rd., suite #100, carlsbad, ca, 92011, us",9.908620689655171,10.07,3.707267535565998,4.8,29,35,15.47,,12.47,11.15,8.75,ca,92011,San Diego,2024-04-05,1,0,1,0
272,Five Guys,"2701 ming ave, bakersfield, ca, 93304, us",10.393214285714285,11.035,3.7743429452511794,4.6,28,10,15.83,,12.83,11.39,8.87,ca,93304,Kern,2024-04-05,1,0,1,0
273,Five Guys,"27774 newport rd., menifee, ca, 92584, us",8.327931034482756,8.27,3.1468795483455483,4.7,29,27,13.19,,10.43,9.23,7.19,ca,92584,Riverside,2024-04-05,1,0,1,0
274,Five Guys,"2782, pinole, ca, 94564, us",8.832758620689656,9.59,3.6002901191065186,4.6,29,45,14.39,,11.39,10.19,7.55,ca,94564,Contra Costa,2024-04-05,1,0,1,0
275,Five Guys,"401 newport center dr. a103, newport beach, ca, 92660, us",9.971428571428572,10.61,3.757696591459905,4.5,28,35,15.47,,12.47,11.15,8.75,ca,92660,Orange,2024-04-05,1,0,1,0
276,Five Guys,"444 n. state college blvd. #444, fullerton, ca, 92831, us",9.908620689655173,10.07,3.707267535565999,4.7,29,57,15.47,,12.47,11.15,8.75,ca,92831,Orange,2024-04-05,1,0,1,0
277,Five Guys,"523 e shaw ave, fresno, ca, 93710, us",9.116551724137931,10.07,3.492919217662745,4.7,29,15,14.15,,11.27,10.07,7.91,ca,93710,Fresno,2024-04-05,1,0,1,0
278,Five Guys,"670 university ave, san diego, ca, 92103, us",9.99,11.15,3.825388869121674,4.7,27,100+,15.47,,12.47,11.15,8.75,ca,92103,San Diego,2024-04-05,1,0,1,0
279,Five Guys,"915 playa ave, sand city, ca, 93955, us",9.075714285714287,9.59,3.4365549906965893,4.7,28,37,14.39,,11.39,10.19,7.55,ca,93955,Monterey,2024-04-05,1,0,1,0
