menu_item,menu_item_price,menu_item_calories,restaurant_address
Pretzel Baconator®,9.49,"1,050","5211 Broadway, Oakland, CA, 94618, US"
Dave's Single®,6.49,590,"5211 Broadway, Oakland, CA, 94618, US"
Dave's Double®,7.69,860,"5211 Broadway, Oakland, CA, 94618, US"
Dave's Triple®,8.89,"1,160","5211 Broadway, Oakland, CA, 94618, US"
Baconator®,8.59,960,"5211 Broadway, Oakland, CA, 94618, US"
Son of Baconator®,7.19,630,"5211 Broadway, Oakland, CA, 94618, US"
Big Bacon Classic®,7.19,650,"5211 Broadway, Oakland, CA, 94618, US"
Big Bacon Classic® Double,8.39,920,"5211 Broadway, Oakland, CA, 94618, US"
Big Bacon Classic Triple,9.59,"1,220","5211 Broadway, Oakland, CA, 94618, US"
Bacon Double Stack,3.39,440,"5211 Broadway, Oakland, CA, 94618, US"
Jr. Bacon Cheeseburger,2.99,370,"5211 Broadway, Oakland, CA, 94618, US"
Jr. Cheeseburger Deluxe,2.79,350,"5211 Broadway, Oakland, CA, 94618, US"
Jr. Cheeseburger,2.49,290,"5211 Broadway, Oakland, CA, 94618, US"
Double Stack™,2.99,410,"5211 Broadway, Oakland, CA, 94618, US"
Jr. Hamburger,2.19,250,"5211 Broadway, Oakland, CA, 94618, US"
French Fries,2.19-3.49,210-470,"5211 Broadway, Oakland, CA, 94618, US"
Baconator Fries,2.99,460,"5211 Broadway, Oakland, CA, 94618, US"
Chili Cheese Fries,2.99,520,"5211 Broadway, Oakland, CA, 94618, US"
Cheese Fries,2.79,470,"5211 Broadway, Oakland, CA, 94618, US"
Chili,3.19/3.89,240/340,"5211 Broadway, Oakland, CA, 94618, US"
Sour Cream and Chive Baked Potato,2.99,310,"5211 Broadway, Oakland, CA, 94618, US"
Plain Baked Potato,2.69,270,"5211 Broadway, Oakland, CA, 94618, US"
Bacon Cheese Baked Potato,4.19,440,"5211 Broadway, Oakland, CA, 94618, US"
Chili & Cheese Baked Potato,4.19,500,"5211 Broadway, Oakland, CA, 94618, US"
Cheese Baked Potato,3.49,450,"5211 Broadway, Oakland, CA, 94618, US"
Apple Bites,0.99,35,"5211 Broadway, Oakland, CA, 94618, US"
6 PC. Crispy Chicken Nuggets,3.29,270,"5211 Broadway, Oakland, CA, 94618, US"
4 PC. Crispy Chicken Nuggets,2.69,180,"5211 Broadway, Oakland, CA, 94618, US"
6 PC. Spicy Chicken Nuggets,3.29,280,"5211 Broadway, Oakland, CA, 94618, US"
4 PC. Spicy Chicken Nuggets,2.69,190,"5211 Broadway, Oakland, CA, 94618, US"
Pretzel Baconator®,9.59,"1,050","5535 Automall Parkway, Fremont, CA, 94538, US"
Dave's Single®,6.49,590,"5535 Automall Parkway, Fremont, CA, 94538, US"
Dave's Double®,7.69,860,"5535 Automall Parkway, Fremont, CA, 94538, US"
Dave's Triple®,8.89,"1,160","5535 Automall Parkway, Fremont, CA, 94538, US"
Baconator®,8.59,960,"5535 Automall Parkway, Fremont, CA, 94538, US"
Son of Baconator®,6.89,630,"5535 Automall Parkway, Fremont, CA, 94538, US"
Big Bacon Classic®,6.99,650,"5535 Automall Parkway, Fremont, CA, 94538, US"
Big Bacon Classic® Double,8.19,920,"5535 Automall Parkway, Fremont, CA, 94538, US"
Big Bacon Classic Triple,9.39,"1,220","5535 Automall Parkway, Fremont, CA, 94538, US"
Bacon Double Stack,3.39,440,"5535 Automall Parkway, Fremont, CA, 94538, US"
Jr. Bacon Cheeseburger,2.99,370,"5535 Automall Parkway, Fremont, CA, 94538, US"
Jr. Cheeseburger Deluxe,2.69,350,"5535 Automall Parkway, Fremont, CA, 94538, US"
Jr. Cheeseburger,2.49,290,"5535 Automall Parkway, Fremont, CA, 94538, US"
Double Stack™,2.99,410,"5535 Automall Parkway, Fremont, CA, 94538, US"
Jr. Hamburger,2.19,250,"5535 Automall Parkway, Fremont, CA, 94538, US"
French Fries,2.19-3.49,210-470,"5535 Automall Parkway, Fremont, CA, 94538, US"
Baconator Fries,2.99,460,"5535 Automall Parkway, Fremont, CA, 94538, US"
Chili Cheese Fries,2.99,520,"5535 Automall Parkway, Fremont, CA, 94538, US"
Cheese Fries,2.79,470,"5535 Automall Parkway, Fremont, CA, 94538, US"
Chili,2.99/3.89,240/340,"5535 Automall Parkway, Fremont, CA, 94538, US"
Sour Cream and Chive Baked Potato,2.89,310,"5535 Automall Parkway, Fremont, CA, 94538, US"
Plain Baked Potato,2.69,270,"5535 Automall Parkway, Fremont, CA, 94538, US"
Bacon Cheese Baked Potato,3.99,440,"5535 Automall Parkway, Fremont, CA, 94538, US"
Chili & Cheese Baked Potato,3.99,500,"5535 Automall Parkway, Fremont, CA, 94538, US"
Cheese Baked Potato,3.49,450,"5535 Automall Parkway, Fremont, CA, 94538, US"
Apple Bites,0.99,35,"5535 Automall Parkway, Fremont, CA, 94538, US"
6 PC. Crispy Chicken Nuggets,3.39,270,"5535 Automall Parkway, Fremont, CA, 94538, US"
4 PC. Crispy Chicken Nuggets,2.79,180,"5535 Automall Parkway, Fremont, CA, 94538, US"
6 PC. Spicy Chicken Nuggets,3.39,280,"5535 Automall Parkway, Fremont, CA, 94538, US"
4 PC. Spicy Chicken Nuggets,2.79,190,"5535 Automall Parkway, Fremont, CA, 94538, US"
Pretzel Baconator®,9.49,"1,050","23969 Mission Blvd., Hayward, CA, 94544, US"
Dave's Single®,6.49,590,"23969 Mission Blvd., Hayward, CA, 94544, US"
Dave's Double®,7.69,860,"23969 Mission Blvd., Hayward, CA, 94544, US"
Dave's Triple®,8.89,"1,160","23969 Mission Blvd., Hayward, CA, 94544, US"
Baconator®,8.59,960,"23969 Mission Blvd., Hayward, CA, 94544, US"
Son of Baconator®,7.19,630,"23969 Mission Blvd., Hayward, CA, 94544, US"
Big Bacon Classic®,7.19,650,"23969 Mission Blvd., Hayward, CA, 94544, US"
Big Bacon Classic® Double,8.39,920,"23969 Mission Blvd., Hayward, CA, 94544, US"
Big Bacon Classic Triple,9.59,"1,220","23969 Mission Blvd., Hayward, CA, 94544, US"
Bacon Double Stack,3.39,440,"23969 Mission Blvd., Hayward, CA, 94544, US"
Jr. Bacon Cheeseburger,2.99,370,"23969 Mission Blvd., Hayward, CA, 94544, US"
Jr. Cheeseburger Deluxe,2.79,350,"23969 Mission Blvd., Hayward, CA, 94544, US"
Jr. Cheeseburger,2.49,290,"23969 Mission Blvd., Hayward, CA, 94544, US"
Double Stack™,2.99,410,"23969 Mission Blvd., Hayward, CA, 94544, US"
Jr. Hamburger,2.19,250,"23969 Mission Blvd., Hayward, CA, 94544, US"
French Fries,2.19-3.49,210-470,"23969 Mission Blvd., Hayward, CA, 94544, US"
Baconator Fries,2.99,460,"23969 Mission Blvd., Hayward, CA, 94544, US"
Chili Cheese Fries,2.99,520,"23969 Mission Blvd., Hayward, CA, 94544, US"
Cheese Fries,2.79,470,"23969 Mission Blvd., Hayward, CA, 94544, US"
Chili,3.19/3.89,240/340,"23969 Mission Blvd., Hayward, CA, 94544, US"
Sour Cream and Chive Baked Potato,2.99,310,"23969 Mission Blvd., Hayward, CA, 94544, US"
Plain Baked Potato,2.69,270,"23969 Mission Blvd., Hayward, CA, 94544, US"
Bacon Cheese Baked Potato,4.19,440,"23969 Mission Blvd., Hayward, CA, 94544, US"
Chili & Cheese Baked Potato,4.19,500,"23969 Mission Blvd., Hayward, CA, 94544, US"
Cheese Baked Potato,3.49,450,"23969 Mission Blvd., Hayward, CA, 94544, US"
Apple Bites,0.99,35,"23969 Mission Blvd., Hayward, CA, 94544, US"
6 PC. Crispy Chicken Nuggets,3.29,270,"23969 Mission Blvd., Hayward, CA, 94544, US"
4 PC. Crispy Chicken Nuggets,2.69,180,"23969 Mission Blvd., Hayward, CA, 94544, US"
6 PC. Spicy Chicken Nuggets,3.29,280,"23969 Mission Blvd., Hayward, CA, 94544, US"
4 PC. Spicy Chicken Nuggets,2.69,190,"23969 Mission Blvd., Hayward, CA, 94544, US"
Pretzel Baconator®,9.69,"1,050","5943, Pacheco, CA, 94553, US"
Dave's Single®,7.59,590,"5943, Pacheco, CA, 94553, US"
Dave's Double®,8.69,860,"5943, Pacheco, CA, 94553, US"
Dave's Triple®,9.69,"1,160","5943, Pacheco, CA, 94553, US"
Baconator®,9.59,960,"5943, Pacheco, CA, 94553, US"
Son of Baconator®,7.89,630,"5943, Pacheco, CA, 94553, US"
Big Bacon Classic®,8.59,650,"5943, Pacheco, CA, 94553, US"
Big Bacon Classic® Double,9.09,920,"5943, Pacheco, CA, 94553, US"
Big Bacon Classic Triple,10.09,"1,220","5943, Pacheco, CA, 94553, US"
Bacon Double Stack,4.29,440,"5943, Pacheco, CA, 94553, US"
Jr. Bacon Cheeseburger,3.99,370,"5943, Pacheco, CA, 94553, US"
Jr. Cheeseburger Deluxe,4.39,350,"5943, Pacheco, CA, 94553, US"
Jr. Cheeseburger,3.09,290,"5943, Pacheco, CA, 94553, US"
Jr. Hamburger,2.79,250,"5943, Pacheco, CA, 94553, US"
French Fries,3.09-4.29,210-470,"5943, Pacheco, CA, 94553, US"
Baconator Fries,4.39,460,"5943, Pacheco, CA, 94553, US"
Chili Cheese Fries,4.29,520,"5943, Pacheco, CA, 94553, US"
Cheese Fries,3.29,470,"5943, Pacheco, CA, 94553, US"
Chili,3.99/4.99,240/340,"5943, Pacheco, CA, 94553, US"
Sour Cream and Chive Baked Potato,3.49,310,"5943, Pacheco, CA, 94553, US"
Plain Baked Potato,3.49,270,"5943, Pacheco, CA, 94553, US"
Bacon Cheese Baked Potato,4.39,440,"5943, Pacheco, CA, 94553, US"
Chili & Cheese Baked Potato,4.59,500,"5943, Pacheco, CA, 94553, US"
Cheese Baked Potato,3.49,450,"5943, Pacheco, CA, 94553, US"
Apple Bites,1.49,35,"5943, Pacheco, CA, 94553, US"
6 PC. Crispy Chicken Nuggets,3.69,270,"5943, Pacheco, CA, 94553, US"
4 PC. Crispy Chicken Nuggets,2.89,180,"5943, Pacheco, CA, 94553, US"
6 PC. Spicy Chicken Nuggets,3.69,280,"5943, Pacheco, CA, 94553, US"
4 PC. Spicy Chicken Nuggets,2.89,190,"5943, Pacheco, CA, 94553, US"
Pretzel Baconator®,10.99,"1,050","800 South Figueroa Street, Los Angeles, CA, 90017, US"
Dave's Single®,7.49,590,"800 South Figueroa Street, Los Angeles, CA, 90017, US"
Dave's Double®,8.99,860,"800 South Figueroa Street, Los Angeles, CA, 90017, US"
Dave's Triple®,10.49,"1,160","800 South Figueroa Street, Los Angeles, CA, 90017, US"
Baconator®,9.99,960,"800 South Figueroa Street, Los Angeles, CA, 90017, US"
Son of Baconator®,7.89,630,"800 South Figueroa Street, Los Angeles, CA, 90017, US"
Big Bacon Classic®,8.39,650,"800 South Figueroa Street, Los Angeles, CA, 90017, US"
Big Bacon Classic® Double,9.49,910,"800 South Figueroa Street, Los Angeles, CA, 90017, US"
Big Bacon Classic Triple,10.59,"1,220","800 South Figueroa Street, Los Angeles, CA, 90017, US"
Bacon Double Stack,4.49,440,"800 South Figueroa Street, Los Angeles, CA, 90017, US"
Jr. Bacon Cheeseburger,3.99,370,"800 South Figueroa Street, Los Angeles, CA, 90017, US"
Jr. Cheeseburger Deluxe,3.59,350,"800 South Figueroa Street, Los Angeles, CA, 90017, US"
Jr. Cheeseburger,3.39,290,"800 South Figueroa Street, Los Angeles, CA, 90017, US"
Double Stack™,3.99,410,"800 South Figueroa Street, Los Angeles, CA, 90017, US"
Jr. Hamburger,2.99,250,"800 South Figueroa Street, Los Angeles, CA, 90017, US"
French Fries,2.59-4.79,210-470,"800 South Figueroa Street, Los Angeles, CA, 90017, US"
Baconator Fries,4.79,460,"800 South Figueroa Street, Los Angeles, CA, 90017, US"
Chili Cheese Fries,4.79,520,"800 South Figueroa Street, Los Angeles, CA, 90017, US"
Cheese Fries,4.29,470,"800 South Figueroa Street, Los Angeles, CA, 90017, US"
Chili,4.49/5.49,240/340,"800 South Figueroa Street, Los Angeles, CA, 90017, US"
Sour Cream and Chive Baked Potato,3.99,310,"800 South Figueroa Street, Los Angeles, CA, 90017, US"
Plain Baked Potato,3.69,270,"800 South Figueroa Street, Los Angeles, CA, 90017, US"
Bacon Cheese Baked Potato,5.19,440,"800 South Figueroa Street, Los Angeles, CA, 90017, US"
Chili & Cheese Baked Potato,5.19,500,"800 South Figueroa Street, Los Angeles, CA, 90017, US"
Cheese Baked Potato,4.69,450,"800 South Figueroa Street, Los Angeles, CA, 90017, US"
Apple Bites,1.49,35,"800 South Figueroa Street, Los Angeles, CA, 90017, US"
6 PC. Crispy Chicken Nuggets,4.19,270,"800 South Figueroa Street, Los Angeles, CA, 90017, US"
4 PC. Crispy Chicken Nuggets,3.49,180,"800 South Figueroa Street, Los Angeles, CA, 90017, US"
6 PC. Spicy Chicken Nuggets,4.19,280,"800 South Figueroa Street, Los Angeles, CA, 90017, US"
4 PC. Spicy Chicken Nuggets,3.49,190,"800 South Figueroa Street, Los Angeles, CA, 90017, US"
Pretzel Baconator®,11.19,"1,050","23750 Main Street, Carson, CA, 90745, US"
Dave's Single®,7.29,590,"23750 Main Street, Carson, CA, 90745, US"
Dave's Double®,8.69,860,"23750 Main Street, Carson, CA, 90745, US"
Dave's Triple®,10.39,"1,160","23750 Main Street, Carson, CA, 90745, US"
Baconator®,10.09,960,"23750 Main Street, Carson, CA, 90745, US"
Son of Baconator®,8.19,630,"23750 Main Street, Carson, CA, 90745, US"
Big Bacon Classic®,8.79,650,"23750 Main Street, Carson, CA, 90745, US"
Big Bacon Classic® Double,10.09,910,"23750 Main Street, Carson, CA, 90745, US"
Big Bacon Classic Triple,11.89,"1,220","23750 Main Street, Carson, CA, 90745, US"
Bacon Double Stack,4.69,440,"23750 Main Street, Carson, CA, 90745, US"
Jr. Bacon Cheeseburger,3.99,370,"23750 Main Street, Carson, CA, 90745, US"
Jr. Cheeseburger Deluxe,3.49,340,"23750 Main Street, Carson, CA, 90745, US"
Jr. Cheeseburger,3.29,290,"23750 Main Street, Carson, CA, 90745, US"
Double Stack™,3.99,410,"23750 Main Street, Carson, CA, 90745, US"
Jr. Hamburger,2.99,250,"23750 Main Street, Carson, CA, 90745, US"
French Fries,3.29-4.69,210-470,"23750 Main Street, Carson, CA, 90745, US"
Baconator Fries,5.19,460,"23750 Main Street, Carson, CA, 90745, US"
Chili Cheese Fries,5.19,520,"23750 Main Street, Carson, CA, 90745, US"
Cheese Fries,5.19,470,"23750 Main Street, Carson, CA, 90745, US"
Chili,4.19/4.79,240/340,"23750 Main Street, Carson, CA, 90745, US"
Sour Cream and Chive Baked Potato,4.19,310,"23750 Main Street, Carson, CA, 90745, US"
Plain Baked Potato,4.19,270,"23750 Main Street, Carson, CA, 90745, US"
Bacon Cheese Baked Potato,5.19,440,"23750 Main Street, Carson, CA, 90745, US"
Chili & Cheese Baked Potato,5.19,500,"23750 Main Street, Carson, CA, 90745, US"
Cheese Baked Potato,5.19,450,"23750 Main Street, Carson, CA, 90745, US"
Apple Bites,2.99,35,"23750 Main Street, Carson, CA, 90745, US"
6 PC. Crispy Chicken Nuggets,3.79,270,"23750 Main Street, Carson, CA, 90745, US"
4 PC. Crispy Chicken Nuggets,2.89,180,"23750 Main Street, Carson, CA, 90745, US"
6 PC. Spicy Chicken Nuggets,3.79,280,"23750 Main Street, Carson, CA, 90745, US"
4 PC. Spicy Chicken Nuggets,2.89,190,"23750 Main Street, Carson, CA, 90745, US"
Pretzel Baconator®,8.79,"1,050","27544 THE OLD ROAD, VALENCIA, CA, 91355, US"
Dave's Single®,6.49,590,"27544 THE OLD ROAD, VALENCIA, CA, 91355, US"
Dave's Double®,7.69,860,"27544 THE OLD ROAD, VALENCIA, CA, 91355, US"
Dave's Triple®,8.89,"1,160","27544 THE OLD ROAD, VALENCIA, CA, 91355, US"
Baconator®,8.69,960,"27544 THE OLD ROAD, VALENCIA, CA, 91355, US"
Son of Baconator®,6.99,630,"27544 THE OLD ROAD, VALENCIA, CA, 91355, US"
Big Bacon Classic®,7.79,650,"27544 THE OLD ROAD, VALENCIA, CA, 91355, US"
Big Bacon Classic® Double,8.99,910,"27544 THE OLD ROAD, VALENCIA, CA, 91355, US"
Big Bacon Classic Triple,10.19,"1,220","27544 THE OLD ROAD, VALENCIA, CA, 91355, US"
Bacon Double Stack,4.19,440,"27544 THE OLD ROAD, VALENCIA, CA, 91355, US"
Jr. Bacon Cheeseburger,3.49,370,"27544 THE OLD ROAD, VALENCIA, CA, 91355, US"
Jr. Cheeseburger Deluxe,2.99,350,"27544 THE OLD ROAD, VALENCIA, CA, 91355, US"
Jr. Cheeseburger,2.99,290,"27544 THE OLD ROAD, VALENCIA, CA, 91355, US"
Double Stack™,3.69,410,"27544 THE OLD ROAD, VALENCIA, CA, 91355, US"
Jr. Hamburger,2.29,250,"27544 THE OLD ROAD, VALENCIA, CA, 91355, US"
French Fries,2.69-4.19,210-470,"27544 THE OLD ROAD, VALENCIA, CA, 91355, US"
Baconator Fries,4.29,460,"27544 THE OLD ROAD, VALENCIA, CA, 91355, US"
Chili Cheese Fries,4.29,520,"27544 THE OLD ROAD, VALENCIA, CA, 91355, US"
Cheese Fries,4.29,470,"27544 THE OLD ROAD, VALENCIA, CA, 91355, US"
Family Chili,14.99,"1,100","27544 THE OLD ROAD, VALENCIA, CA, 91355, US"
Chili,3.39/4.19,240/340,"27544 THE OLD ROAD, VALENCIA, CA, 91355, US"
Sour Cream and Chive Baked Potato,3.39,310,"27544 THE OLD ROAD, VALENCIA, CA, 91355, US"
Plain Baked Potato,3.39,270,"27544 THE OLD ROAD, VALENCIA, CA, 91355, US"
Bacon Cheese Baked Potato,4.29,440,"27544 THE OLD ROAD, VALENCIA, CA, 91355, US"
Chili & Cheese Baked Potato,4.29,500,"27544 THE OLD ROAD, VALENCIA, CA, 91355, US"
Cheese Baked Potato,4.29,450,"27544 THE OLD ROAD, VALENCIA, CA, 91355, US"
Apple Bites,1.69,35,"27544 THE OLD ROAD, VALENCIA, CA, 91355, US"
6 PC. Crispy Chicken Nuggets,3.39,270,"27544 THE OLD ROAD, VALENCIA, CA, 91355, US"
4 PC. Crispy Chicken Nuggets,2.39,180,"27544 THE OLD ROAD, VALENCIA, CA, 91355, US"
6 PC. Spicy Chicken Nuggets,3.39,280,"27544 THE OLD ROAD, VALENCIA, CA, 91355, US"
4 PC. Spicy Chicken Nuggets,2.39,190,"27544 THE OLD ROAD, VALENCIA, CA, 91355, US"
Pretzel Baconator®,9.49,"1,050","12201 San Pablo Avenue, Richmond, CA, 94805, US"
Dave's Single®,6.49,590,"12201 San Pablo Avenue, Richmond, CA, 94805, US"
Dave's Double®,7.69,860,"12201 San Pablo Avenue, Richmond, CA, 94805, US"
Dave's Triple®,8.89,"1,160","12201 San Pablo Avenue, Richmond, CA, 94805, US"
Baconator®,8.59,960,"12201 San Pablo Avenue, Richmond, CA, 94805, US"
Son of Baconator®,7.19,630,"12201 San Pablo Avenue, Richmond, CA, 94805, US"
Big Bacon Classic®,7.19,650,"12201 San Pablo Avenue, Richmond, CA, 94805, US"
Big Bacon Classic® Double,8.39,920,"12201 San Pablo Avenue, Richmond, CA, 94805, US"
Big Bacon Classic Triple,9.59,"1,220","12201 San Pablo Avenue, Richmond, CA, 94805, US"
Bacon Double Stack,3.39,440,"12201 San Pablo Avenue, Richmond, CA, 94805, US"
Jr. Bacon Cheeseburger,2.99,370,"12201 San Pablo Avenue, Richmond, CA, 94805, US"
Jr. Cheeseburger Deluxe,2.79,350,"12201 San Pablo Avenue, Richmond, CA, 94805, US"
Jr. Cheeseburger,2.49,290,"12201 San Pablo Avenue, Richmond, CA, 94805, US"
Double Stack™,2.99,410,"12201 San Pablo Avenue, Richmond, CA, 94805, US"
Jr. Hamburger,2.19,250,"12201 San Pablo Avenue, Richmond, CA, 94805, US"
French Fries,2.19-3.49,210-470,"12201 San Pablo Avenue, Richmond, CA, 94805, US"
Baconator Fries,2.99,460,"12201 San Pablo Avenue, Richmond, CA, 94805, US"
Chili Cheese Fries,2.99,520,"12201 San Pablo Avenue, Richmond, CA, 94805, US"
Cheese Fries,2.79,470,"12201 San Pablo Avenue, Richmond, CA, 94805, US"
Chili,3.19/3.89,240/340,"12201 San Pablo Avenue, Richmond, CA, 94805, US"
Sour Cream and Chive Baked Potato,2.99,310,"12201 San Pablo Avenue, Richmond, CA, 94805, US"
Plain Baked Potato,2.69,270,"12201 San Pablo Avenue, Richmond, CA, 94805, US"
Bacon Cheese Baked Potato,4.19,440,"12201 San Pablo Avenue, Richmond, CA, 94805, US"
Chili & Cheese Baked Potato,4.19,500,"12201 San Pablo Avenue, Richmond, CA, 94805, US"
Cheese Baked Potato,3.49,450,"12201 San Pablo Avenue, Richmond, CA, 94805, US"
Apple Bites,0.99,35,"12201 San Pablo Avenue, Richmond, CA, 94805, US"
6 PC. Crispy Chicken Nuggets,3.29,270,"12201 San Pablo Avenue, Richmond, CA, 94805, US"
4 PC. Crispy Chicken Nuggets,2.69,180,"12201 San Pablo Avenue, Richmond, CA, 94805, US"
6 PC. Spicy Chicken Nuggets,3.29,280,"12201 San Pablo Avenue, Richmond, CA, 94805, US"
4 PC. Spicy Chicken Nuggets,2.69,190,"12201 San Pablo Avenue, Richmond, CA, 94805, US"
Pretzel Baconator®,9.59,"1,050","500 E Washington St, Petaluma, CA, 94952, US"
Dave's Single®,6.49,590,"500 E Washington St, Petaluma, CA, 94952, US"
Dave's Double®,7.69,860,"500 E Washington St, Petaluma, CA, 94952, US"
Dave's Triple®,8.89,"1,160","500 E Washington St, Petaluma, CA, 94952, US"
Baconator®,8.59,960,"500 E Washington St, Petaluma, CA, 94952, US"
Son of Baconator®,6.89,630,"500 E Washington St, Petaluma, CA, 94952, US"
Big Bacon Classic®,6.99,650,"500 E Washington St, Petaluma, CA, 94952, US"
Big Bacon Classic® Double,8.19,920,"500 E Washington St, Petaluma, CA, 94952, US"
Big Bacon Classic Triple,9.39,"1,220","500 E Washington St, Petaluma, CA, 94952, US"
Bacon Double Stack,3.39,440,"500 E Washington St, Petaluma, CA, 94952, US"
Jr. Bacon Cheeseburger,2.99,370,"500 E Washington St, Petaluma, CA, 94952, US"
Jr. Cheeseburger Deluxe,2.69,350,"500 E Washington St, Petaluma, CA, 94952, US"
Jr. Cheeseburger,2.49,290,"500 E Washington St, Petaluma, CA, 94952, US"
Double Stack™,2.99,410,"500 E Washington St, Petaluma, CA, 94952, US"
Jr. Hamburger,2.19,250,"500 E Washington St, Petaluma, CA, 94952, US"
French Fries,2.19-3.49,210-470,"500 E Washington St, Petaluma, CA, 94952, US"
Baconator Fries,2.99,460,"500 E Washington St, Petaluma, CA, 94952, US"
Chili Cheese Fries,2.99,520,"500 E Washington St, Petaluma, CA, 94952, US"
Cheese Fries,2.79,470,"500 E Washington St, Petaluma, CA, 94952, US"
Chili,2.99/3.89,240/340,"500 E Washington St, Petaluma, CA, 94952, US"
Sour Cream and Chive Baked Potato,2.89,310,"500 E Washington St, Petaluma, CA, 94952, US"
Plain Baked Potato,2.69,270,"500 E Washington St, Petaluma, CA, 94952, US"
Bacon Cheese Baked Potato,3.99,440,"500 E Washington St, Petaluma, CA, 94952, US"
Chili & Cheese Baked Potato,3.99,500,"500 E Washington St, Petaluma, CA, 94952, US"
Cheese Baked Potato,3.49,450,"500 E Washington St, Petaluma, CA, 94952, US"
Apple Bites,0.99,35,"500 E Washington St, Petaluma, CA, 94952, US"
6 PC. Crispy Chicken Nuggets,3.39,270,"500 E Washington St, Petaluma, CA, 94952, US"
4 PC. Crispy Chicken Nuggets,2.79,180,"500 E Washington St, Petaluma, CA, 94952, US"
6 PC. Spicy Chicken Nuggets,3.39,280,"500 E Washington St, Petaluma, CA, 94952, US"
4 PC. Spicy Chicken Nuggets,2.79,190,"500 E Washington St, Petaluma, CA, 94952, US"
Pretzel Baconator®,9.69,"1,050","1339 North Main, Salinas, CA, 93906, US"
Dave's Single®,7.59,590,"1339 North Main, Salinas, CA, 93906, US"
Dave's Double®,8.69,860,"1339 North Main, Salinas, CA, 93906, US"
Dave's Triple®,9.69,"1,160","1339 North Main, Salinas, CA, 93906, US"
Baconator®,9.59,960,"1339 North Main, Salinas, CA, 93906, US"
Son of Baconator®,7.89,630,"1339 North Main, Salinas, CA, 93906, US"
Big Bacon Classic®,8.59,650,"1339 North Main, Salinas, CA, 93906, US"
Big Bacon Classic® Double,9.09,920,"1339 North Main, Salinas, CA, 93906, US"
Big Bacon Classic Triple,10.09,"1,220","1339 North Main, Salinas, CA, 93906, US"
Bacon Double Stack,4.29,440,"1339 North Main, Salinas, CA, 93906, US"
Jr. Bacon Cheeseburger,3.99,370,"1339 North Main, Salinas, CA, 93906, US"
Jr. Cheeseburger Deluxe,4.39,350,"1339 North Main, Salinas, CA, 93906, US"
Jr. Cheeseburger,3.09,290,"1339 North Main, Salinas, CA, 93906, US"
Double Stack™,3.99,410,"1339 North Main, Salinas, CA, 93906, US"
Jr. Hamburger,2.79,250,"1339 North Main, Salinas, CA, 93906, US"
French Fries,3.09-4.29,210-470,"1339 North Main, Salinas, CA, 93906, US"
Baconator Fries,4.39,460,"1339 North Main, Salinas, CA, 93906, US"
Chili Cheese Fries,4.29,520,"1339 North Main, Salinas, CA, 93906, US"
Cheese Fries,3.29,470,"1339 North Main, Salinas, CA, 93906, US"
Chili,3.99/4.99,240/340,"1339 North Main, Salinas, CA, 93906, US"
Sour Cream and Chive Baked Potato,3.49,310,"1339 North Main, Salinas, CA, 93906, US"
Plain Baked Potato,3.49,270,"1339 North Main, Salinas, CA, 93906, US"
Bacon Cheese Baked Potato,4.39,440,"1339 North Main, Salinas, CA, 93906, US"
Chili & Cheese Baked Potato,4.59,500,"1339 North Main, Salinas, CA, 93906, US"
Cheese Baked Potato,3.49,450,"1339 North Main, Salinas, CA, 93906, US"
Apple Bites,1.49,35,"1339 North Main, Salinas, CA, 93906, US"
6 PC. Crispy Chicken Nuggets,3.69,270,"1339 North Main, Salinas, CA, 93906, US"
4 PC. Crispy Chicken Nuggets,2.89,180,"1339 North Main, Salinas, CA, 93906, US"
6 PC. Spicy Chicken Nuggets,3.69,280,"1339 North Main, Salinas, CA, 93906, US"
4 PC. Spicy Chicken Nuggets,2.89,190,"1339 North Main, Salinas, CA, 93906, US"
Pretzel Baconator®,9.89,"1,050","1737 E 17Th St, Santa Ana, CA, 92705, US"
Dave's Single®,7.29,590,"1737 E 17Th St, Santa Ana, CA, 92705, US"
Dave's Double®,8.29,860,"1737 E 17Th St, Santa Ana, CA, 92705, US"
Dave's Triple®,9.29,"1,160","1737 E 17Th St, Santa Ana, CA, 92705, US"
Baconator®,9.39,960,"1737 E 17Th St, Santa Ana, CA, 92705, US"
Son of Baconator®,7.99,630,"1737 E 17Th St, Santa Ana, CA, 92705, US"
Big Bacon Classic®,8.19,650,"1737 E 17Th St, Santa Ana, CA, 92705, US"
Big Bacon Classic® Double,9.19,910,"1737 E 17Th St, Santa Ana, CA, 92705, US"
Big Bacon Classic Triple,10.19,"1,220","1737 E 17Th St, Santa Ana, CA, 92705, US"
Bacon Double Stack,4.49,440,"1737 E 17Th St, Santa Ana, CA, 92705, US"
Jr. Bacon Cheeseburger,3.89,370,"1737 E 17Th St, Santa Ana, CA, 92705, US"
Jr. Cheeseburger Deluxe,3.39,340,"1737 E 17Th St, Santa Ana, CA, 92705, US"
Jr. Cheeseburger,3.39,290,"1737 E 17Th St, Santa Ana, CA, 92705, US"
Double Stack™,3.89,410,"1737 E 17Th St, Santa Ana, CA, 92705, US"
Jr. Hamburger,2.99,250,"1737 E 17Th St, Santa Ana, CA, 92705, US"
French Fries,3.39-4.59,210-470,"1737 E 17Th St, Santa Ana, CA, 92705, US"
Baconator Fries,4.49,460,"1737 E 17Th St, Santa Ana, CA, 92705, US"
Chili Cheese Fries,3.99,520,"1737 E 17Th St, Santa Ana, CA, 92705, US"
Cheese Fries,3.29,470,"1737 E 17Th St, Santa Ana, CA, 92705, US"
Chili,3.89/4.69,240/340,"1737 E 17Th St, Santa Ana, CA, 92705, US"
Sour Cream and Chive Baked Potato,3.49,310,"1737 E 17Th St, Santa Ana, CA, 92705, US"
Plain Baked Potato,3.49,270,"1737 E 17Th St, Santa Ana, CA, 92705, US"
Bacon Cheese Baked Potato,4.49,440,"1737 E 17Th St, Santa Ana, CA, 92705, US"
Chili & Cheese Baked Potato,4.49,500,"1737 E 17Th St, Santa Ana, CA, 92705, US"
Cheese Baked Potato,4.49,450,"1737 E 17Th St, Santa Ana, CA, 92705, US"
Apple Bites,1.99,35,"1737 E 17Th St, Santa Ana, CA, 92705, US"
6 PC. Crispy Chicken Nuggets,3.29,270,"1737 E 17Th St, Santa Ana, CA, 92705, US"
4 PC. Crispy Chicken Nuggets,2.79,180,"1737 E 17Th St, Santa Ana, CA, 92705, US"
6 PC. Spicy Chicken Nuggets,3.29,280,"1737 E 17Th St, Santa Ana, CA, 92705, US"
4 PC. Spicy Chicken Nuggets,2.79,190,"1737 E 17Th St, Santa Ana, CA, 92705, US"
Pretzel Baconator®,11.19,"1,050","680 N. EUCLID AVE., ANAHEIM, CA, 92801, US"
Dave's Single®,7.29,590,"680 N. EUCLID AVE., ANAHEIM, CA, 92801, US"
Dave's Double®,8.69,860,"680 N. EUCLID AVE., ANAHEIM, CA, 92801, US"
Dave's Triple®,10.39,"1,160","680 N. EUCLID AVE., ANAHEIM, CA, 92801, US"
Baconator®,10.09,960,"680 N. EUCLID AVE., ANAHEIM, CA, 92801, US"
Son of Baconator®,8.19,630,"680 N. EUCLID AVE., ANAHEIM, CA, 92801, US"
Big Bacon Classic®,8.79,650,"680 N. EUCLID AVE., ANAHEIM, CA, 92801, US"
Big Bacon Classic® Double,10.09,910,"680 N. EUCLID AVE., ANAHEIM, CA, 92801, US"
Big Bacon Classic Triple,11.89,"1,220","680 N. EUCLID AVE., ANAHEIM, CA, 92801, US"
Bacon Double Stack,4.69,440,"680 N. EUCLID AVE., ANAHEIM, CA, 92801, US"
Jr. Bacon Cheeseburger,3.99,370,"680 N. EUCLID AVE., ANAHEIM, CA, 92801, US"
Jr. Cheeseburger Deluxe,3.49,340,"680 N. EUCLID AVE., ANAHEIM, CA, 92801, US"
Jr. Cheeseburger,3.29,290,"680 N. EUCLID AVE., ANAHEIM, CA, 92801, US"
Double Stack™,3.99,410,"680 N. EUCLID AVE., ANAHEIM, CA, 92801, US"
Jr. Hamburger,2.99,250,"680 N. EUCLID AVE., ANAHEIM, CA, 92801, US"
French Fries,3.29-4.69,210-470,"680 N. EUCLID AVE., ANAHEIM, CA, 92801, US"
Baconator Fries,5.19,460,"680 N. EUCLID AVE., ANAHEIM, CA, 92801, US"
Chili Cheese Fries,5.19,520,"680 N. EUCLID AVE., ANAHEIM, CA, 92801, US"
Cheese Fries,5.19,470,"680 N. EUCLID AVE., ANAHEIM, CA, 92801, US"
Chili,4.19/4.79,240/340,"680 N. EUCLID AVE., ANAHEIM, CA, 92801, US"
Sour Cream and Chive Baked Potato,4.19,310,"680 N. EUCLID AVE., ANAHEIM, CA, 92801, US"
Plain Baked Potato,4.19,270,"680 N. EUCLID AVE., ANAHEIM, CA, 92801, US"
Bacon Cheese Baked Potato,5.19,440,"680 N. EUCLID AVE., ANAHEIM, CA, 92801, US"
Chili & Cheese Baked Potato,5.19,500,"680 N. EUCLID AVE., ANAHEIM, CA, 92801, US"
Cheese Baked Potato,5.19,450,"680 N. EUCLID AVE., ANAHEIM, CA, 92801, US"
Apple Bites,2.99,35,"680 N. EUCLID AVE., ANAHEIM, CA, 92801, US"
6 PC. Crispy Chicken Nuggets,3.79,270,"680 N. EUCLID AVE., ANAHEIM, CA, 92801, US"
4 PC. Crispy Chicken Nuggets,2.89,180,"680 N. EUCLID AVE., ANAHEIM, CA, 92801, US"
6 PC. Spicy Chicken Nuggets,3.79,280,"680 N. EUCLID AVE., ANAHEIM, CA, 92801, US"
4 PC. Spicy Chicken Nuggets,2.89,190,"680 N. EUCLID AVE., ANAHEIM, CA, 92801, US"
Pretzel Baconator®,9.59,"1,050","2560 Bell Rd, Auburn, CA, 95602, US"
Dave's Single®,6.49,590,"2560 Bell Rd, Auburn, CA, 95602, US"
Dave's Double®,7.69,860,"2560 Bell Rd, Auburn, CA, 95602, US"
Dave's Triple®,8.89,"1,160","2560 Bell Rd, Auburn, CA, 95602, US"
Baconator®,8.59,960,"2560 Bell Rd, Auburn, CA, 95602, US"
Son of Baconator®,6.89,630,"2560 Bell Rd, Auburn, CA, 95602, US"
Big Bacon Classic®,6.99,650,"2560 Bell Rd, Auburn, CA, 95602, US"
Big Bacon Classic® Double,8.19,920,"2560 Bell Rd, Auburn, CA, 95602, US"
Big Bacon Classic Triple,9.39,"1,220","2560 Bell Rd, Auburn, CA, 95602, US"
Bacon Double Stack,3.39,440,"2560 Bell Rd, Auburn, CA, 95602, US"
Jr. Bacon Cheeseburger,2.99,370,"2560 Bell Rd, Auburn, CA, 95602, US"
Jr. Cheeseburger Deluxe,2.69,340,"2560 Bell Rd, Auburn, CA, 95602, US"
Jr. Cheeseburger,2.49,290,"2560 Bell Rd, Auburn, CA, 95602, US"
Double Stack™,2.99,410,"2560 Bell Rd, Auburn, CA, 95602, US"
Jr. Hamburger,2.19,250,"2560 Bell Rd, Auburn, CA, 95602, US"
French Fries,2.19-3.49,210-470,"2560 Bell Rd, Auburn, CA, 95602, US"
Baconator Fries,2.99,460,"2560 Bell Rd, Auburn, CA, 95602, US"
Chili Cheese Fries,2.99,520,"2560 Bell Rd, Auburn, CA, 95602, US"
Cheese Fries,2.79,470,"2560 Bell Rd, Auburn, CA, 95602, US"
Chili,2.99/3.89,240/340,"2560 Bell Rd, Auburn, CA, 95602, US"
Sour Cream and Chive Baked Potato,2.89,310,"2560 Bell Rd, Auburn, CA, 95602, US"
Plain Baked Potato,2.69,270,"2560 Bell Rd, Auburn, CA, 95602, US"
Bacon Cheese Baked Potato,3.99,440,"2560 Bell Rd, Auburn, CA, 95602, US"
Chili & Cheese Baked Potato,3.99,500,"2560 Bell Rd, Auburn, CA, 95602, US"
Cheese Baked Potato,3.49,450,"2560 Bell Rd, Auburn, CA, 95602, US"
Apple Bites,0.99,35,"2560 Bell Rd, Auburn, CA, 95602, US"
6 PC. Crispy Chicken Nuggets,3.39,270,"2560 Bell Rd, Auburn, CA, 95602, US"
4 PC. Crispy Chicken Nuggets,2.79,180,"2560 Bell Rd, Auburn, CA, 95602, US"
6 PC. Spicy Chicken Nuggets,3.39,280,"2560 Bell Rd, Auburn, CA, 95602, US"
4 PC. Spicy Chicken Nuggets,2.79,190,"2560 Bell Rd, Auburn, CA, 95602, US"
Pretzel Baconator®,8.79,"1,050","3565 CENTRAL AVE, RIVERSIDE, CA, 92506, US"
Dave's Single®,6.49,590,"3565 CENTRAL AVE, RIVERSIDE, CA, 92506, US"
Dave's Double®,7.69,860,"3565 CENTRAL AVE, RIVERSIDE, CA, 92506, US"
Dave's Triple®,8.89,"1,160","3565 CENTRAL AVE, RIVERSIDE, CA, 92506, US"
Baconator®,8.69,960,"3565 CENTRAL AVE, RIVERSIDE, CA, 92506, US"
Son of Baconator®,6.99,630,"3565 CENTRAL AVE, RIVERSIDE, CA, 92506, US"
Big Bacon Classic®,7.79,650,"3565 CENTRAL AVE, RIVERSIDE, CA, 92506, US"
Big Bacon Classic® Double,8.99,910,"3565 CENTRAL AVE, RIVERSIDE, CA, 92506, US"
Big Bacon Classic Triple,10.19,"1,220","3565 CENTRAL AVE, RIVERSIDE, CA, 92506, US"
Bacon Double Stack,4.19,440,"3565 CENTRAL AVE, RIVERSIDE, CA, 92506, US"
Jr. Bacon Cheeseburger,3.49,370,"3565 CENTRAL AVE, RIVERSIDE, CA, 92506, US"
Jr. Cheeseburger Deluxe,2.99,340,"3565 CENTRAL AVE, RIVERSIDE, CA, 92506, US"
Jr. Cheeseburger,2.99,290,"3565 CENTRAL AVE, RIVERSIDE, CA, 92506, US"
Double Stack™,3.69,410,"3565 CENTRAL AVE, RIVERSIDE, CA, 92506, US"
Jr. Hamburger,2.29,250,"3565 CENTRAL AVE, RIVERSIDE, CA, 92506, US"
French Fries,2.69-4.19,210-470,"3565 CENTRAL AVE, RIVERSIDE, CA, 92506, US"
Baconator Fries,4.29,460,"3565 CENTRAL AVE, RIVERSIDE, CA, 92506, US"
Chili Cheese Fries,4.29,520,"3565 CENTRAL AVE, RIVERSIDE, CA, 92506, US"
Cheese Fries,4.29,470,"3565 CENTRAL AVE, RIVERSIDE, CA, 92506, US"
Chili,3.39/4.19,240/340,"3565 CENTRAL AVE, RIVERSIDE, CA, 92506, US"
Sour Cream and Chive Baked Potato,3.39,310,"3565 CENTRAL AVE, RIVERSIDE, CA, 92506, US"
Plain Baked Potato,3.39,270,"3565 CENTRAL AVE, RIVERSIDE, CA, 92506, US"
Bacon Cheese Baked Potato,4.29,440,"3565 CENTRAL AVE, RIVERSIDE, CA, 92506, US"
Chili & Cheese Baked Potato,4.29,500,"3565 CENTRAL AVE, RIVERSIDE, CA, 92506, US"
Cheese Baked Potato,4.29,450,"3565 CENTRAL AVE, RIVERSIDE, CA, 92506, US"
Apple Bites,1.69,35,"3565 CENTRAL AVE, RIVERSIDE, CA, 92506, US"
6 PC. Crispy Chicken Nuggets,3.39,270,"3565 CENTRAL AVE, RIVERSIDE, CA, 92506, US"
4 PC. Crispy Chicken Nuggets,2.39,180,"3565 CENTRAL AVE, RIVERSIDE, CA, 92506, US"
6 PC. Spicy Chicken Nuggets,3.39,280,"3565 CENTRAL AVE, RIVERSIDE, CA, 92506, US"
4 PC. Spicy Chicken Nuggets,2.39,190,"3565 CENTRAL AVE, RIVERSIDE, CA, 92506, US"
Pretzel Baconator®,11.19,"1,050","22320 Cactus Ave, Moreno Valley, CA, 92553, US"
Dave's Single®,7.29,590,"22320 Cactus Ave, Moreno Valley, CA, 92553, US"
Dave's Double®,8.69,860,"22320 Cactus Ave, Moreno Valley, CA, 92553, US"
Dave's Triple®,10.39,"1,160","22320 Cactus Ave, Moreno Valley, CA, 92553, US"
Baconator®,10.09,960,"22320 Cactus Ave, Moreno Valley, CA, 92553, US"
Son of Baconator®,8.19,630,"22320 Cactus Ave, Moreno Valley, CA, 92553, US"
Big Bacon Classic®,8.79,650,"22320 Cactus Ave, Moreno Valley, CA, 92553, US"
Big Bacon Classic® Double,10.09,910,"22320 Cactus Ave, Moreno Valley, CA, 92553, US"
Big Bacon Classic Triple,11.89,"1,220","22320 Cactus Ave, Moreno Valley, CA, 92553, US"
Bacon Double Stack,4.69,440,"22320 Cactus Ave, Moreno Valley, CA, 92553, US"
Jr. Bacon Cheeseburger,3.99,370,"22320 Cactus Ave, Moreno Valley, CA, 92553, US"
Jr. Cheeseburger Deluxe,3.49,340,"22320 Cactus Ave, Moreno Valley, CA, 92553, US"
Jr. Cheeseburger,3.29,290,"22320 Cactus Ave, Moreno Valley, CA, 92553, US"
Double Stack™,3.99,410,"22320 Cactus Ave, Moreno Valley, CA, 92553, US"
Jr. Hamburger,2.99,250,"22320 Cactus Ave, Moreno Valley, CA, 92553, US"
French Fries,3.29-4.69,210-470,"22320 Cactus Ave, Moreno Valley, CA, 92553, US"
Baconator Fries,5.19,460,"22320 Cactus Ave, Moreno Valley, CA, 92553, US"
Chili Cheese Fries,5.19,520,"22320 Cactus Ave, Moreno Valley, CA, 92553, US"
Cheese Fries,5.19,470,"22320 Cactus Ave, Moreno Valley, CA, 92553, US"
Chili,4.19/4.79,240/340,"22320 Cactus Ave, Moreno Valley, CA, 92553, US"
Sour Cream and Chive Baked Potato,4.19,310,"22320 Cactus Ave, Moreno Valley, CA, 92553, US"
Plain Baked Potato,4.19,270,"22320 Cactus Ave, Moreno Valley, CA, 92553, US"
Bacon Cheese Baked Potato,5.19,440,"22320 Cactus Ave, Moreno Valley, CA, 92553, US"
Chili & Cheese Baked Potato,5.19,500,"22320 Cactus Ave, Moreno Valley, CA, 92553, US"
Cheese Baked Potato,5.19,450,"22320 Cactus Ave, Moreno Valley, CA, 92553, US"
Apple Bites,2.99,35,"22320 Cactus Ave, Moreno Valley, CA, 92553, US"
6 PC. Crispy Chicken Nuggets,3.79,270,"22320 Cactus Ave, Moreno Valley, CA, 92553, US"
4 PC. Crispy Chicken Nuggets,2.89,180,"22320 Cactus Ave, Moreno Valley, CA, 92553, US"
6 PC. Spicy Chicken Nuggets,3.79,280,"22320 Cactus Ave, Moreno Valley, CA, 92553, US"
4 PC. Spicy Chicken Nuggets,2.89,190,"22320 Cactus Ave, Moreno Valley, CA, 92553, US"
Pretzel Baconator®,10.19,"1,050","40460, MURRIETA, CA, 92563, US"
Dave's Single®,6.79,590,"40460, MURRIETA, CA, 92563, US"
Dave's Double®,8.19,860,"40460, MURRIETA, CA, 92563, US"
Dave's Triple®,9.59,"1,160","40460, MURRIETA, CA, 92563, US"
Baconator®,9.39,960,"40460, MURRIETA, CA, 92563, US"
Son of Baconator®,7.39,630,"40460, MURRIETA, CA, 92563, US"
Big Bacon Classic®,7.39,650,"40460, MURRIETA, CA, 92563, US"
Big Bacon Classic® Double,8.59,910,"40460, MURRIETA, CA, 92563, US"
Big Bacon Classic Triple,9.79,"1,220","40460, MURRIETA, CA, 92563, US"
Bacon Double Stack,4.19,440,"40460, MURRIETA, CA, 92563, US"
Jr. Bacon Cheeseburger,3.69,370,"40460, MURRIETA, CA, 92563, US"
Jr. Cheeseburger Deluxe,3.29,340,"40460, MURRIETA, CA, 92563, US"
Jr. Cheeseburger,2.99,290,"40460, MURRIETA, CA, 92563, US"
Double Stack™,3.69,410,"40460, MURRIETA, CA, 92563, US"
Jr. Hamburger,2.69,250,"40460, MURRIETA, CA, 92563, US"
French Fries,2.29-4.29,210-470,"40460, MURRIETA, CA, 92563, US"
Baconator Fries,4.59,460,"40460, MURRIETA, CA, 92563, US"
Chili Cheese Fries,4.59,520,"40460, MURRIETA, CA, 92563, US"
Cheese Fries,3.99,470,"40460, MURRIETA, CA, 92563, US"
Chili,4.19/5.19,240/340,"40460, MURRIETA, CA, 92563, US"
Sour Cream and Chive Baked Potato,3.69,310,"40460, MURRIETA, CA, 92563, US"
Plain Baked Potato,3.49,270,"40460, MURRIETA, CA, 92563, US"
Bacon Cheese Baked Potato,4.89,440,"40460, MURRIETA, CA, 92563, US"
Chili & Cheese Baked Potato,4.89,500,"40460, MURRIETA, CA, 92563, US"
Cheese Baked Potato,4.39,450,"40460, MURRIETA, CA, 92563, US"
Apple Bites,1.29,35,"40460, MURRIETA, CA, 92563, US"
6 PC. Crispy Chicken Nuggets,3.49,270,"40460, MURRIETA, CA, 92563, US"
4 PC. Crispy Chicken Nuggets,2.69,180,"40460, MURRIETA, CA, 92563, US"
6 PC. Spicy Chicken Nuggets,3.49,280,"40460, MURRIETA, CA, 92563, US"
4 PC. Spicy Chicken Nuggets,2.69,190,"40460, MURRIETA, CA, 92563, US"
Pretzel Baconator®,11.99,"1,050","2360 Arena Blvd, Sacramento, CA, 95834, US"
Dave's Single®,7.65,590,"2360 Arena Blvd, Sacramento, CA, 95834, US"
Dave's Double®,8.85,860,"2360 Arena Blvd, Sacramento, CA, 95834, US"
Dave's Triple®,11.35,"1,160","2360 Arena Blvd, Sacramento, CA, 95834, US"
Baconator®,10.99,960,"2360 Arena Blvd, Sacramento, CA, 95834, US"
Son of Baconator®,7.85,630,"2360 Arena Blvd, Sacramento, CA, 95834, US"
Big Bacon Classic®,8.39,650,"2360 Arena Blvd, Sacramento, CA, 95834, US"
Big Bacon Classic® Double,10.29,910,"2360 Arena Blvd, Sacramento, CA, 95834, US"
Big Bacon Classic Triple,10.59,"1,220","2360 Arena Blvd, Sacramento, CA, 95834, US"
Bacon Double Stack,4.59,440,"2360 Arena Blvd, Sacramento, CA, 95834, US"
Jr. Bacon Cheeseburger,4.29,370,"2360 Arena Blvd, Sacramento, CA, 95834, US"
Jr. Cheeseburger Deluxe,4.29,340,"2360 Arena Blvd, Sacramento, CA, 95834, US"
Jr. Cheeseburger,3.25,290,"2360 Arena Blvd, Sacramento, CA, 95834, US"
Double Stack™,4.39,410,"2360 Arena Blvd, Sacramento, CA, 95834, US"
Jr. Hamburger,2.95,250,"2360 Arena Blvd, Sacramento, CA, 95834, US"
French Fries,2.69-4.65,210-470,"2360 Arena Blvd, Sacramento, CA, 95834, US"
Baconator Fries,4.15,460,"2360 Arena Blvd, Sacramento, CA, 95834, US"
Chili Cheese Fries,5.09,520,"2360 Arena Blvd, Sacramento, CA, 95834, US"
Cheese Fries,3.79,470,"2360 Arena Blvd, Sacramento, CA, 95834, US"
Chili,3.95/4.75,240/340,"2360 Arena Blvd, Sacramento, CA, 95834, US"
Sour Cream and Chive Baked Potato,3.59,310,"2360 Arena Blvd, Sacramento, CA, 95834, US"
Plain Baked Potato,3.39,270,"2360 Arena Blvd, Sacramento, CA, 95834, US"
Bacon Cheese Baked Potato,3.95,440,"2360 Arena Blvd, Sacramento, CA, 95834, US"
Chili & Cheese Baked Potato,3.89,500,"2360 Arena Blvd, Sacramento, CA, 95834, US"
Cheese Baked Potato,3.85,450,"2360 Arena Blvd, Sacramento, CA, 95834, US"
Apple Bites,1.99,35,"2360 Arena Blvd, Sacramento, CA, 95834, US"
6 PC. Crispy Chicken Nuggets,4.15,270,"2360 Arena Blvd, Sacramento, CA, 95834, US"
4 PC. Crispy Chicken Nuggets,3.15,180,"2360 Arena Blvd, Sacramento, CA, 95834, US"
6 PC. Spicy Chicken Nuggets,4.15,280,"2360 Arena Blvd, Sacramento, CA, 95834, US"
4 PC. Spicy Chicken Nuggets,3.15,190,"2360 Arena Blvd, Sacramento, CA, 95834, US"
Pretzel Baconator®,11.79,"1,050","8871 Bond Road, Elk Grove, CA, 95624, US"
Dave's Single®,7.39,590,"8871 Bond Road, Elk Grove, CA, 95624, US"
Dave's Double®,8.59,860,"8871 Bond Road, Elk Grove, CA, 95624, US"
Dave's Triple®,10.99,"1,160","8871 Bond Road, Elk Grove, CA, 95624, US"
Baconator®,10.79,960,"8871 Bond Road, Elk Grove, CA, 95624, US"
Son of Baconator®,7.69,630,"8871 Bond Road, Elk Grove, CA, 95624, US"
Big Bacon Classic®,8.25,650,"8871 Bond Road, Elk Grove, CA, 95624, US"
Big Bacon Classic® Double,10.09,910,"8871 Bond Road, Elk Grove, CA, 95624, US"
Big Bacon Classic Triple,10.39,"1,220","8871 Bond Road, Elk Grove, CA, 95624, US"
Bacon Double Stack,4.55,440,"8871 Bond Road, Elk Grove, CA, 95624, US"
Jr. Bacon Cheeseburger,4.19,370,"8871 Bond Road, Elk Grove, CA, 95624, US"
Jr. Cheeseburger Deluxe,4.19,340,"8871 Bond Road, Elk Grove, CA, 95624, US"
Jr. Cheeseburger,3.19,290,"8871 Bond Road, Elk Grove, CA, 95624, US"
Double Stack™,4.29,410,"8871 Bond Road, Elk Grove, CA, 95624, US"
Jr. Hamburger,2.89,250,"8871 Bond Road, Elk Grove, CA, 95624, US"
French Fries,2.65-4.55,210-470,"8871 Bond Road, Elk Grove, CA, 95624, US"
Baconator Fries,4.05,460,"8871 Bond Road, Elk Grove, CA, 95624, US"
Chili Cheese Fries,4.99,520,"8871 Bond Road, Elk Grove, CA, 95624, US"
Cheese Fries,3.69,470,"8871 Bond Road, Elk Grove, CA, 95624, US"
Family Chili,22.99,"1,100","8871 Bond Road, Elk Grove, CA, 95624, US"
Chili,3.79/4.69,240/340,"8871 Bond Road, Elk Grove, CA, 95624, US"
Sour Cream and Chive Baked Potato,3.49,310,"8871 Bond Road, Elk Grove, CA, 95624, US"
Plain Baked Potato,3.29,270,"8871 Bond Road, Elk Grove, CA, 95624, US"
Bacon Cheese Baked Potato,3.79,440,"8871 Bond Road, Elk Grove, CA, 95624, US"
Chili & Cheese Baked Potato,3.75,500,"8871 Bond Road, Elk Grove, CA, 95624, US"
Cheese Baked Potato,3.69,450,"8871 Bond Road, Elk Grove, CA, 95624, US"
Apple Bites,1.95,35,"8871 Bond Road, Elk Grove, CA, 95624, US"
6 PC. Crispy Chicken Nuggets,3.99,270,"8871 Bond Road, Elk Grove, CA, 95624, US"
4 PC. Crispy Chicken Nuggets,3.09,180,"8871 Bond Road, Elk Grove, CA, 95624, US"
6 PC. Spicy Chicken Nuggets,3.99,280,"8871 Bond Road, Elk Grove, CA, 95624, US"
4 PC. Spicy Chicken Nuggets,3.09,190,"8871 Bond Road, Elk Grove, CA, 95624, US"
Pretzel Baconator®,11.19,"1,050","1110 S. MT. VERNON AVE., COLTON, CA, 92324, US"
Dave's Single®,7.29,590,"1110 S. MT. VERNON AVE., COLTON, CA, 92324, US"
Dave's Double®,8.69,860,"1110 S. MT. VERNON AVE., COLTON, CA, 92324, US"
Dave's Triple®,10.39,"1,160","1110 S. MT. VERNON AVE., COLTON, CA, 92324, US"
Baconator®,10.09,960,"1110 S. MT. VERNON AVE., COLTON, CA, 92324, US"
Son of Baconator®,8.19,630,"1110 S. MT. VERNON AVE., COLTON, CA, 92324, US"
Big Bacon Classic®,8.79,650,"1110 S. MT. VERNON AVE., COLTON, CA, 92324, US"
Big Bacon Classic® Double,10.09,910,"1110 S. MT. VERNON AVE., COLTON, CA, 92324, US"
Big Bacon Classic Triple,11.89,"1,220","1110 S. MT. VERNON AVE., COLTON, CA, 92324, US"
Bacon Double Stack,4.69,440,"1110 S. MT. VERNON AVE., COLTON, CA, 92324, US"
Jr. Bacon Cheeseburger,3.99,370,"1110 S. MT. VERNON AVE., COLTON, CA, 92324, US"
Jr. Cheeseburger Deluxe,3.49,340,"1110 S. MT. VERNON AVE., COLTON, CA, 92324, US"
Jr. Cheeseburger,3.29,290,"1110 S. MT. VERNON AVE., COLTON, CA, 92324, US"
Double Stack™,3.99,410,"1110 S. MT. VERNON AVE., COLTON, CA, 92324, US"
Jr. Hamburger,2.99,250,"1110 S. MT. VERNON AVE., COLTON, CA, 92324, US"
French Fries,3.29-4.69,210-470,"1110 S. MT. VERNON AVE., COLTON, CA, 92324, US"
Baconator Fries,5.19,460,"1110 S. MT. VERNON AVE., COLTON, CA, 92324, US"
Chili Cheese Fries,5.19,520,"1110 S. MT. VERNON AVE., COLTON, CA, 92324, US"
Cheese Fries,5.19,470,"1110 S. MT. VERNON AVE., COLTON, CA, 92324, US"
Chili,4.19/4.79,240/340,"1110 S. MT. VERNON AVE., COLTON, CA, 92324, US"
Sour Cream and Chive Baked Potato,4.19,310,"1110 S. MT. VERNON AVE., COLTON, CA, 92324, US"
Plain Baked Potato,4.19,270,"1110 S. MT. VERNON AVE., COLTON, CA, 92324, US"
Bacon Cheese Baked Potato,5.19,440,"1110 S. MT. VERNON AVE., COLTON, CA, 92324, US"
Chili & Cheese Baked Potato,5.19,500,"1110 S. MT. VERNON AVE., COLTON, CA, 92324, US"
Cheese Baked Potato,5.19,450,"1110 S. MT. VERNON AVE., COLTON, CA, 92324, US"
Apple Bites,2.99,35,"1110 S. MT. VERNON AVE., COLTON, CA, 92324, US"
6 PC. Crispy Chicken Nuggets,3.79,270,"1110 S. MT. VERNON AVE., COLTON, CA, 92324, US"
4 PC. Crispy Chicken Nuggets,2.89,180,"1110 S. MT. VERNON AVE., COLTON, CA, 92324, US"
6 PC. Spicy Chicken Nuggets,3.79,280,"1110 S. MT. VERNON AVE., COLTON, CA, 92324, US"
4 PC. Spicy Chicken Nuggets,2.89,190,"1110 S. MT. VERNON AVE., COLTON, CA, 92324, US"
Pretzel Baconator®,8.79,"1,050","16984 VALLEY BLVD., FONTANA, CA, 92335, US"
Dave's Single®,6.49,590,"16984 VALLEY BLVD., FONTANA, CA, 92335, US"
Dave's Double®,7.69,860,"16984 VALLEY BLVD., FONTANA, CA, 92335, US"
Dave's Triple®,8.89,"1,160","16984 VALLEY BLVD., FONTANA, CA, 92335, US"
Baconator®,8.69,960,"16984 VALLEY BLVD., FONTANA, CA, 92335, US"
Son of Baconator®,6.99,630,"16984 VALLEY BLVD., FONTANA, CA, 92335, US"
Big Bacon Classic®,7.79,650,"16984 VALLEY BLVD., FONTANA, CA, 92335, US"
Big Bacon Classic® Double,8.99,910,"16984 VALLEY BLVD., FONTANA, CA, 92335, US"
Big Bacon Classic Triple,10.19,"1,220","16984 VALLEY BLVD., FONTANA, CA, 92335, US"
Bacon Double Stack,4.19,440,"16984 VALLEY BLVD., FONTANA, CA, 92335, US"
Jr. Bacon Cheeseburger,3.49,370,"16984 VALLEY BLVD., FONTANA, CA, 92335, US"
Jr. Cheeseburger Deluxe,2.99,340,"16984 VALLEY BLVD., FONTANA, CA, 92335, US"
Jr. Cheeseburger,2.99,290,"16984 VALLEY BLVD., FONTANA, CA, 92335, US"
Double Stack™,3.69,410,"16984 VALLEY BLVD., FONTANA, CA, 92335, US"
Jr. Hamburger,2.29,250,"16984 VALLEY BLVD., FONTANA, CA, 92335, US"
French Fries,2.69-4.19,210-470,"16984 VALLEY BLVD., FONTANA, CA, 92335, US"
Baconator Fries,4.29,460,"16984 VALLEY BLVD., FONTANA, CA, 92335, US"
Chili Cheese Fries,4.29,520,"16984 VALLEY BLVD., FONTANA, CA, 92335, US"
Cheese Fries,4.29,470,"16984 VALLEY BLVD., FONTANA, CA, 92335, US"
Family Chili,14.99,"1,100","16984 VALLEY BLVD., FONTANA, CA, 92335, US"
Chili,3.39/4.19,240/340,"16984 VALLEY BLVD., FONTANA, CA, 92335, US"
Sour Cream and Chive Baked Potato,3.39,310,"16984 VALLEY BLVD., FONTANA, CA, 92335, US"
Plain Baked Potato,3.39,270,"16984 VALLEY BLVD., FONTANA, CA, 92335, US"
Bacon Cheese Baked Potato,4.29,440,"16984 VALLEY BLVD., FONTANA, CA, 92335, US"
Chili & Cheese Baked Potato,4.29,500,"16984 VALLEY BLVD., FONTANA, CA, 92335, US"
Cheese Baked Potato,4.29,450,"16984 VALLEY BLVD., FONTANA, CA, 92335, US"
Apple Bites,1.69,35,"16984 VALLEY BLVD., FONTANA, CA, 92335, US"
6 PC. Crispy Chicken Nuggets,3.39,270,"16984 VALLEY BLVD., FONTANA, CA, 92335, US"
4 PC. Crispy Chicken Nuggets,2.39,180,"16984 VALLEY BLVD., FONTANA, CA, 92335, US"
6 PC. Spicy Chicken Nuggets,3.39,280,"16984 VALLEY BLVD., FONTANA, CA, 92335, US"
4 PC. Spicy Chicken Nuggets,2.39,190,"16984 VALLEY BLVD., FONTANA, CA, 92335, US"
Pretzel Baconator®,8.79,"1,050","14798 LAPAZ DRIVE, VICTORVILLE, CA, 92395, US"
Dave's Single®,6.49,590,"14798 LAPAZ DRIVE, VICTORVILLE, CA, 92395, US"
Dave's Double®,7.69,860,"14798 LAPAZ DRIVE, VICTORVILLE, CA, 92395, US"
Dave's Triple®,8.89,"1,160","14798 LAPAZ DRIVE, VICTORVILLE, CA, 92395, US"
Baconator®,8.69,960,"14798 LAPAZ DRIVE, VICTORVILLE, CA, 92395, US"
Son of Baconator®,6.99,630,"14798 LAPAZ DRIVE, VICTORVILLE, CA, 92395, US"
Big Bacon Classic®,7.79,650,"14798 LAPAZ DRIVE, VICTORVILLE, CA, 92395, US"
Big Bacon Classic® Double,8.99,910,"14798 LAPAZ DRIVE, VICTORVILLE, CA, 92395, US"
Big Bacon Classic Triple,10.19,"1,220","14798 LAPAZ DRIVE, VICTORVILLE, CA, 92395, US"
Bacon Double Stack,4.19,440,"14798 LAPAZ DRIVE, VICTORVILLE, CA, 92395, US"
Jr. Bacon Cheeseburger,3.49,370,"14798 LAPAZ DRIVE, VICTORVILLE, CA, 92395, US"
Jr. Cheeseburger Deluxe,2.99,340,"14798 LAPAZ DRIVE, VICTORVILLE, CA, 92395, US"
Jr. Cheeseburger,2.99,290,"14798 LAPAZ DRIVE, VICTORVILLE, CA, 92395, US"
Double Stack™,3.69,410,"14798 LAPAZ DRIVE, VICTORVILLE, CA, 92395, US"
Jr. Hamburger,2.29,250,"14798 LAPAZ DRIVE, VICTORVILLE, CA, 92395, US"
French Fries,2.69-4.19,210-470,"14798 LAPAZ DRIVE, VICTORVILLE, CA, 92395, US"
Baconator Fries,4.29,460,"14798 LAPAZ DRIVE, VICTORVILLE, CA, 92395, US"
Chili Cheese Fries,4.29,520,"14798 LAPAZ DRIVE, VICTORVILLE, CA, 92395, US"
Cheese Fries,4.29,470,"14798 LAPAZ DRIVE, VICTORVILLE, CA, 92395, US"
Family Chili,14.99,"1,100","14798 LAPAZ DRIVE, VICTORVILLE, CA, 92395, US"
Chili,3.39/4.19,240/340,"14798 LAPAZ DRIVE, VICTORVILLE, CA, 92395, US"
Sour Cream and Chive Baked Potato,3.39,310,"14798 LAPAZ DRIVE, VICTORVILLE, CA, 92395, US"
Plain Baked Potato,3.39,270,"14798 LAPAZ DRIVE, VICTORVILLE, CA, 92395, US"
Bacon Cheese Baked Potato,4.29,440,"14798 LAPAZ DRIVE, VICTORVILLE, CA, 92395, US"
Chili & Cheese Baked Potato,4.29,500,"14798 LAPAZ DRIVE, VICTORVILLE, CA, 92395, US"
Cheese Baked Potato,4.29,450,"14798 LAPAZ DRIVE, VICTORVILLE, CA, 92395, US"
Apple Bites,1.69,35,"14798 LAPAZ DRIVE, VICTORVILLE, CA, 92395, US"
6 PC. Crispy Chicken Nuggets,3.39,270,"14798 LAPAZ DRIVE, VICTORVILLE, CA, 92395, US"
4 PC. Crispy Chicken Nuggets,2.39,180,"14798 LAPAZ DRIVE, VICTORVILLE, CA, 92395, US"
6 PC. Spicy Chicken Nuggets,3.39,280,"14798 LAPAZ DRIVE, VICTORVILLE, CA, 92395, US"
4 PC. Spicy Chicken Nuggets,2.39,190,"14798 LAPAZ DRIVE, VICTORVILLE, CA, 92395, US"
Pretzel Baconator®,10.49,"1,050","3760 MIDWAY DRIVE, SAN DIEGO, CA, 92110, US"
Dave's Single®,6.99,590,"3760 MIDWAY DRIVE, SAN DIEGO, CA, 92110, US"
Dave's Double®,8.39,860,"3760 MIDWAY DRIVE, SAN DIEGO, CA, 92110, US"
Dave's Triple®,9.79,"1,160","3760 MIDWAY DRIVE, SAN DIEGO, CA, 92110, US"
Baconator®,9.69,960,"3760 MIDWAY DRIVE, SAN DIEGO, CA, 92110, US"
Son of Baconator®,7.59,630,"3760 MIDWAY DRIVE, SAN DIEGO, CA, 92110, US"
Big Bacon Classic®,7.59,650,"3760 MIDWAY DRIVE, SAN DIEGO, CA, 92110, US"
Big Bacon Classic® Double,8.69,910,"3760 MIDWAY DRIVE, SAN DIEGO, CA, 92110, US"
Big Bacon Classic Triple,9.89,"1,220","3760 MIDWAY DRIVE, SAN DIEGO, CA, 92110, US"
Bacon Double Stack,4.29,440,"3760 MIDWAY DRIVE, SAN DIEGO, CA, 92110, US"
Jr. Bacon Cheeseburger,3.79,370,"3760 MIDWAY DRIVE, SAN DIEGO, CA, 92110, US"
Jr. Cheeseburger Deluxe,3.39,340,"3760 MIDWAY DRIVE, SAN DIEGO, CA, 92110, US"
Jr. Cheeseburger,3.19,290,"3760 MIDWAY DRIVE, SAN DIEGO, CA, 92110, US"
Double Stack™,3.79,410,"3760 MIDWAY DRIVE, SAN DIEGO, CA, 92110, US"
Jr. Hamburger,2.79,250,"3760 MIDWAY DRIVE, SAN DIEGO, CA, 92110, US"
French Fries,2.39-4.39,210-470,"3760 MIDWAY DRIVE, SAN DIEGO, CA, 92110, US"
Baconator Fries,4.69,460,"3760 MIDWAY DRIVE, SAN DIEGO, CA, 92110, US"
Chili Cheese Fries,4.69,520,"3760 MIDWAY DRIVE, SAN DIEGO, CA, 92110, US"
Cheese Fries,4.19,470,"3760 MIDWAY DRIVE, SAN DIEGO, CA, 92110, US"
Chili,4.39/5.39,240/340,"3760 MIDWAY DRIVE, SAN DIEGO, CA, 92110, US"
Sour Cream and Chive Baked Potato,3.89,310,"3760 MIDWAY DRIVE, SAN DIEGO, CA, 92110, US"
Plain Baked Potato,3.59,270,"3760 MIDWAY DRIVE, SAN DIEGO, CA, 92110, US"
Bacon Cheese Baked Potato,4.99,440,"3760 MIDWAY DRIVE, SAN DIEGO, CA, 92110, US"
Chili & Cheese Baked Potato,4.99,500,"3760 MIDWAY DRIVE, SAN DIEGO, CA, 92110, US"
Cheese Baked Potato,4.49,450,"3760 MIDWAY DRIVE, SAN DIEGO, CA, 92110, US"
Apple Bites,1.39,35,"3760 MIDWAY DRIVE, SAN DIEGO, CA, 92110, US"
6 PC. Crispy Chicken Nuggets,3.59,270,"3760 MIDWAY DRIVE, SAN DIEGO, CA, 92110, US"
4 PC. Crispy Chicken Nuggets,2.79,180,"3760 MIDWAY DRIVE, SAN DIEGO, CA, 92110, US"
6 PC. Spicy Chicken Nuggets,3.59,280,"3760 MIDWAY DRIVE, SAN DIEGO, CA, 92110, US"
4 PC. Spicy Chicken Nuggets,2.79,190,"3760 MIDWAY DRIVE, SAN DIEGO, CA, 92110, US"
Pretzel Baconator®,10.19,"1,050","618 E STREET, CHULA VISTA, CA, 91910, US"
Dave's Single®,6.79,590,"618 E STREET, CHULA VISTA, CA, 91910, US"
Dave's Double®,8.19,860,"618 E STREET, CHULA VISTA, CA, 91910, US"
Dave's Triple®,9.59,"1,160","618 E STREET, CHULA VISTA, CA, 91910, US"
Baconator®,9.39,960,"618 E STREET, CHULA VISTA, CA, 91910, US"
Son of Baconator®,7.39,630,"618 E STREET, CHULA VISTA, CA, 91910, US"
Big Bacon Classic®,7.39,650,"618 E STREET, CHULA VISTA, CA, 91910, US"
Big Bacon Classic® Double,8.59,910,"618 E STREET, CHULA VISTA, CA, 91910, US"
Big Bacon Classic Triple,9.79,"1,220","618 E STREET, CHULA VISTA, CA, 91910, US"
Bacon Double Stack,4.19,440,"618 E STREET, CHULA VISTA, CA, 91910, US"
Jr. Bacon Cheeseburger,3.69,370,"618 E STREET, CHULA VISTA, CA, 91910, US"
Jr. Cheeseburger Deluxe,3.29,340,"618 E STREET, CHULA VISTA, CA, 91910, US"
Jr. Cheeseburger,2.99,290,"618 E STREET, CHULA VISTA, CA, 91910, US"
Double Stack™,3.69,410,"618 E STREET, CHULA VISTA, CA, 91910, US"
Jr. Hamburger,2.69,250,"618 E STREET, CHULA VISTA, CA, 91910, US"
French Fries,2.29-4.29,210-470,"618 E STREET, CHULA VISTA, CA, 91910, US"
Baconator Fries,4.59,460,"618 E STREET, CHULA VISTA, CA, 91910, US"
Chili Cheese Fries,4.59,520,"618 E STREET, CHULA VISTA, CA, 91910, US"
Cheese Fries,3.99,470,"618 E STREET, CHULA VISTA, CA, 91910, US"
Chili,4.19/5.19,240/340,"618 E STREET, CHULA VISTA, CA, 91910, US"
Sour Cream and Chive Baked Potato,3.69,310,"618 E STREET, CHULA VISTA, CA, 91910, US"
Plain Baked Potato,3.49,270,"618 E STREET, CHULA VISTA, CA, 91910, US"
Bacon Cheese Baked Potato,4.89,440,"618 E STREET, CHULA VISTA, CA, 91910, US"
Chili & Cheese Baked Potato,4.89,500,"618 E STREET, CHULA VISTA, CA, 91910, US"
Cheese Baked Potato,4.39,450,"618 E STREET, CHULA VISTA, CA, 91910, US"
Apple Bites,1.29,35,"618 E STREET, CHULA VISTA, CA, 91910, US"
6 PC. Crispy Chicken Nuggets,3.49,270,"618 E STREET, CHULA VISTA, CA, 91910, US"
4 PC. Crispy Chicken Nuggets,2.69,180,"618 E STREET, CHULA VISTA, CA, 91910, US"
6 PC. Spicy Chicken Nuggets,3.49,280,"618 E STREET, CHULA VISTA, CA, 91910, US"
4 PC. Spicy Chicken Nuggets,2.69,190,"618 E STREET, CHULA VISTA, CA, 91910, US"
Pretzel Baconator®,8.49,"1,050","176 Gateway Blvd, S.San Francisco, CA, 94080, US"
Dave's Single®,7.69,590,"176 Gateway Blvd, S.San Francisco, CA, 94080, US"
Dave's Double®,8.69,860,"176 Gateway Blvd, S.San Francisco, CA, 94080, US"
Dave's Triple®,9.69,"1,160","176 Gateway Blvd, S.San Francisco, CA, 94080, US"
Baconator®,8.69,960,"176 Gateway Blvd, S.San Francisco, CA, 94080, US"
Son of Baconator®,7.39,630,"176 Gateway Blvd, S.San Francisco, CA, 94080, US"
Big Bacon Classic®,8.09,650,"176 Gateway Blvd, S.San Francisco, CA, 94080, US"
Big Bacon Classic® Double,8.19,910,"176 Gateway Blvd, S.San Francisco, CA, 94080, US"
Big Bacon Classic Triple,9.19,"1,220","176 Gateway Blvd, S.San Francisco, CA, 94080, US"
Bacon Double Stack,4.79,440,"176 Gateway Blvd, S.San Francisco, CA, 94080, US"
Jr. Bacon Cheeseburger,3.79,370,"176 Gateway Blvd, S.San Francisco, CA, 94080, US"
Jr. Cheeseburger Deluxe,3.39,340,"176 Gateway Blvd, S.San Francisco, CA, 94080, US"
Jr. Cheeseburger,3.39,290,"176 Gateway Blvd, S.San Francisco, CA, 94080, US"
Double Stack™,4.39,410,"176 Gateway Blvd, S.San Francisco, CA, 94080, US"
Jr. Hamburger,2.59,250,"176 Gateway Blvd, S.San Francisco, CA, 94080, US"
French Fries,2.49-4.89,210-470,"176 Gateway Blvd, S.San Francisco, CA, 94080, US"
Baconator Fries,4.39,460,"176 Gateway Blvd, S.San Francisco, CA, 94080, US"
Chili Cheese Fries,2.69,520,"176 Gateway Blvd, S.San Francisco, CA, 94080, US"
Cheese Fries,2.49,470,"176 Gateway Blvd, S.San Francisco, CA, 94080, US"
Chili,2.99/3.79,240/340,"176 Gateway Blvd, S.San Francisco, CA, 94080, US"
Sour Cream and Chive Baked Potato,3.09,310,"176 Gateway Blvd, S.San Francisco, CA, 94080, US"
Plain Baked Potato,3.09,270,"176 Gateway Blvd, S.San Francisco, CA, 94080, US"
Bacon Cheese Baked Potato,4.19,440,"176 Gateway Blvd, S.San Francisco, CA, 94080, US"
Chili & Cheese Baked Potato,4.19,500,"176 Gateway Blvd, S.San Francisco, CA, 94080, US"
Cheese Baked Potato,3.09,450,"176 Gateway Blvd, S.San Francisco, CA, 94080, US"
Apple Bites,1.99,35,"176 Gateway Blvd, S.San Francisco, CA, 94080, US"
6 PC. Crispy Chicken Nuggets,4.29,270,"176 Gateway Blvd, S.San Francisco, CA, 94080, US"
4 PC. Crispy Chicken Nuggets,3.19,180,"176 Gateway Blvd, S.San Francisco, CA, 94080, US"
6 PC. Spicy Chicken Nuggets,4.29,280,"176 Gateway Blvd, S.San Francisco, CA, 94080, US"
4 PC. Spicy Chicken Nuggets,3.19,190,"176 Gateway Blvd, S.San Francisco, CA, 94080, US"
Pretzel Baconator®,10.89,"1,050","2439 March Ln., Stockton, CA, 95207, US"
Dave's Single®,7.49,590,"2439 March Ln., Stockton, CA, 95207, US"
Dave's Double®,8.99,860,"2439 March Ln., Stockton, CA, 95207, US"
Dave's Triple®,10.49,"1,160","2439 March Ln., Stockton, CA, 95207, US"
Baconator®,9.99,960,"2439 March Ln., Stockton, CA, 95207, US"
Son of Baconator®,7.89,630,"2439 March Ln., Stockton, CA, 95207, US"
Big Bacon Classic®,8.49,650,"2439 March Ln., Stockton, CA, 95207, US"
Big Bacon Classic® Double,9.69,910,"2439 March Ln., Stockton, CA, 95207, US"
Big Bacon Classic Triple,10.89,"1,220","2439 March Ln., Stockton, CA, 95207, US"
Bacon Double Stack,4.69,440,"2439 March Ln., Stockton, CA, 95207, US"
Jr. Bacon Cheeseburger,3.79,370,"2439 March Ln., Stockton, CA, 95207, US"
Jr. Cheeseburger Deluxe,3.59,340,"2439 March Ln., Stockton, CA, 95207, US"
Jr. Cheeseburger,2.99,290,"2439 March Ln., Stockton, CA, 95207, US"
Double Stack™,3.99,410,"2439 March Ln., Stockton, CA, 95207, US"
Jr. Hamburger,2.59,250,"2439 March Ln., Stockton, CA, 95207, US"
French Fries,2.19-3.79,210-470,"2439 March Ln., Stockton, CA, 95207, US"
Baconator Fries,4.19,460,"2439 March Ln., Stockton, CA, 95207, US"
Chili Cheese Fries,4.19,520,"2439 March Ln., Stockton, CA, 95207, US"
Cheese Fries,2.99,470,"2439 March Ln., Stockton, CA, 95207, US"
Chili,3.39/4.29,240/340,"2439 March Ln., Stockton, CA, 95207, US"
Sour Cream and Chive Baked Potato,3.39,310,"2439 March Ln., Stockton, CA, 95207, US"
Plain Baked Potato,3.19,270,"2439 March Ln., Stockton, CA, 95207, US"
Bacon Cheese Baked Potato,4.39,440,"2439 March Ln., Stockton, CA, 95207, US"
Chili & Cheese Baked Potato,4.39,500,"2439 March Ln., Stockton, CA, 95207, US"
Cheese Baked Potato,3.49,450,"2439 March Ln., Stockton, CA, 95207, US"
Apple Bites,1.69,35,"2439 March Ln., Stockton, CA, 95207, US"
6 PC. Crispy Chicken Nuggets,3.59,270,"2439 March Ln., Stockton, CA, 95207, US"
4 PC. Crispy Chicken Nuggets,2.99,180,"2439 March Ln., Stockton, CA, 95207, US"
6 PC. Spicy Chicken Nuggets,3.59,280,"2439 March Ln., Stockton, CA, 95207, US"
4 PC. Spicy Chicken Nuggets,2.99,190,"2439 March Ln., Stockton, CA, 95207, US"
Pretzel Baconator®,8.49,"1,050","698 Ralston Avenue, Belmont, CA, 94002, US"
Dave's Single®,7.69,590,"698 Ralston Avenue, Belmont, CA, 94002, US"
Dave's Double®,8.39,860,"698 Ralston Avenue, Belmont, CA, 94002, US"
Dave's Triple®,9.69,"1,160","698 Ralston Avenue, Belmont, CA, 94002, US"
Baconator®,8.49,960,"698 Ralston Avenue, Belmont, CA, 94002, US"
Son of Baconator®,6.79,630,"698 Ralston Avenue, Belmont, CA, 94002, US"
Big Bacon Classic®,8.49,650,"698 Ralston Avenue, Belmont, CA, 94002, US"
Big Bacon Classic® Double,8.59,910,"698 Ralston Avenue, Belmont, CA, 94002, US"
Big Bacon Classic Triple,9.59,"1,220","698 Ralston Avenue, Belmont, CA, 94002, US"
Bacon Double Stack,4.69,440,"698 Ralston Avenue, Belmont, CA, 94002, US"
Jr. Bacon Cheeseburger,3.49,370,"698 Ralston Avenue, Belmont, CA, 94002, US"
Jr. Cheeseburger Deluxe,2.99,340,"698 Ralston Avenue, Belmont, CA, 94002, US"
Jr. Cheeseburger,2.79,290,"698 Ralston Avenue, Belmont, CA, 94002, US"
Double Stack™,4.09,410,"698 Ralston Avenue, Belmont, CA, 94002, US"
Jr. Hamburger,2.19,250,"698 Ralston Avenue, Belmont, CA, 94002, US"
French Fries,2.19-4.79,210-470,"698 Ralston Avenue, Belmont, CA, 94002, US"
Baconator Fries,4.19,460,"698 Ralston Avenue, Belmont, CA, 94002, US"
Chili Cheese Fries,2.89,520,"698 Ralston Avenue, Belmont, CA, 94002, US"
Cheese Fries,2.29,470,"698 Ralston Avenue, Belmont, CA, 94002, US"
Chili,2.69/3.49,240/340,"698 Ralston Avenue, Belmont, CA, 94002, US"
Sour Cream and Chive Baked Potato,3.09,310,"698 Ralston Avenue, Belmont, CA, 94002, US"
Plain Baked Potato,3.09,270,"698 Ralston Avenue, Belmont, CA, 94002, US"
Bacon Cheese Baked Potato,4.19,440,"698 Ralston Avenue, Belmont, CA, 94002, US"
Chili & Cheese Baked Potato,3.39,500,"698 Ralston Avenue, Belmont, CA, 94002, US"
Cheese Baked Potato,2.69,450,"698 Ralston Avenue, Belmont, CA, 94002, US"
Apple Bites,1.99,35,"698 Ralston Avenue, Belmont, CA, 94002, US"
6 PC. Crispy Chicken Nuggets,4.79,270,"698 Ralston Avenue, Belmont, CA, 94002, US"
4 PC. Crispy Chicken Nuggets,3.19,180,"698 Ralston Avenue, Belmont, CA, 94002, US"
6 PC. Spicy Chicken Nuggets,4.79,280,"698 Ralston Avenue, Belmont, CA, 94002, US"
4 PC. Spicy Chicken Nuggets,3.19,190,"698 Ralston Avenue, Belmont, CA, 94002, US"
Pretzel Baconator®,8.99,"1,050","499 El Camino Real, San Bruno, CA, 94066, US"
Dave's Single®,7.49,590,"499 El Camino Real, San Bruno, CA, 94066, US"
Dave's Double®,8.69,860,"499 El Camino Real, San Bruno, CA, 94066, US"
Dave's Triple®,9.99,"1,160","499 El Camino Real, San Bruno, CA, 94066, US"
Baconator®,8.89,960,"499 El Camino Real, San Bruno, CA, 94066, US"
Son of Baconator®,7.49,630,"499 El Camino Real, San Bruno, CA, 94066, US"
Big Bacon Classic®,7.99,650,"499 El Camino Real, San Bruno, CA, 94066, US"
Big Bacon Classic® Double,9.19,910,"499 El Camino Real, San Bruno, CA, 94066, US"
Big Bacon Classic Triple,10.49,"1,220","499 El Camino Real, San Bruno, CA, 94066, US"
Bacon Double Stack,4.99,440,"499 El Camino Real, San Bruno, CA, 94066, US"
Jr. Bacon Cheeseburger,3.99,370,"499 El Camino Real, San Bruno, CA, 94066, US"
Jr. Cheeseburger Deluxe,3.69,340,"499 El Camino Real, San Bruno, CA, 94066, US"
Jr. Cheeseburger,3.49,290,"499 El Camino Real, San Bruno, CA, 94066, US"
Double Stack™,4.49,410,"499 El Camino Real, San Bruno, CA, 94066, US"
Jr. Hamburger,3.19,250,"499 El Camino Real, San Bruno, CA, 94066, US"
French Fries,2.19-4.69,210-470,"499 El Camino Real, San Bruno, CA, 94066, US"
Baconator Fries,4.39,460,"499 El Camino Real, San Bruno, CA, 94066, US"
Chili Cheese Fries,4.29,520,"499 El Camino Real, San Bruno, CA, 94066, US"
Cheese Fries,3.99,470,"499 El Camino Real, San Bruno, CA, 94066, US"
Chili,3.59/4.19,240/340,"499 El Camino Real, San Bruno, CA, 94066, US"
Sour Cream and Chive Baked Potato,3.79,310,"499 El Camino Real, San Bruno, CA, 94066, US"
Plain Baked Potato,3.59,270,"499 El Camino Real, San Bruno, CA, 94066, US"
Bacon Cheese Baked Potato,4.49,440,"499 El Camino Real, San Bruno, CA, 94066, US"
Chili & Cheese Baked Potato,4.49,500,"499 El Camino Real, San Bruno, CA, 94066, US"
Cheese Baked Potato,3.99,450,"499 El Camino Real, San Bruno, CA, 94066, US"
Apple Bites,2.19,35,"499 El Camino Real, San Bruno, CA, 94066, US"
6 PC. Crispy Chicken Nuggets,4.29,270,"499 El Camino Real, San Bruno, CA, 94066, US"
4 PC. Crispy Chicken Nuggets,2.89,180,"499 El Camino Real, San Bruno, CA, 94066, US"
6 PC. Spicy Chicken Nuggets,4.29,280,"499 El Camino Real, San Bruno, CA, 94066, US"
4 PC. Spicy Chicken Nuggets,2.89,190,"499 El Camino Real, San Bruno, CA, 94066, US"
Pretzel Baconator®,8.79,"1,050","2120 N PREISKER LANE, SANTA MARIA, CA, 93458, US"
Dave's Single®,6.49,590,"2120 N PREISKER LANE, SANTA MARIA, CA, 93458, US"
Dave's Double®,7.69,860,"2120 N PREISKER LANE, SANTA MARIA, CA, 93458, US"
Dave's Triple®,8.89,"1,160","2120 N PREISKER LANE, SANTA MARIA, CA, 93458, US"
Baconator®,8.69,960,"2120 N PREISKER LANE, SANTA MARIA, CA, 93458, US"
Son of Baconator®,6.99,630,"2120 N PREISKER LANE, SANTA MARIA, CA, 93458, US"
Big Bacon Classic®,7.79,650,"2120 N PREISKER LANE, SANTA MARIA, CA, 93458, US"
Big Bacon Classic® Double,8.99,910,"2120 N PREISKER LANE, SANTA MARIA, CA, 93458, US"
Big Bacon Classic Triple,10.19,"1,220","2120 N PREISKER LANE, SANTA MARIA, CA, 93458, US"
Bacon Double Stack,4.19,440,"2120 N PREISKER LANE, SANTA MARIA, CA, 93458, US"
Jr. Bacon Cheeseburger,3.49,370,"2120 N PREISKER LANE, SANTA MARIA, CA, 93458, US"
Jr. Cheeseburger Deluxe,2.99,340,"2120 N PREISKER LANE, SANTA MARIA, CA, 93458, US"
Jr. Cheeseburger,2.99,290,"2120 N PREISKER LANE, SANTA MARIA, CA, 93458, US"
Double Stack™,3.69,410,"2120 N PREISKER LANE, SANTA MARIA, CA, 93458, US"
Jr. Hamburger,2.29,250,"2120 N PREISKER LANE, SANTA MARIA, CA, 93458, US"
French Fries,2.69-4.19,210-470,"2120 N PREISKER LANE, SANTA MARIA, CA, 93458, US"
Baconator Fries,4.29,460,"2120 N PREISKER LANE, SANTA MARIA, CA, 93458, US"
Chili Cheese Fries,4.29,520,"2120 N PREISKER LANE, SANTA MARIA, CA, 93458, US"
Cheese Fries,4.29,470,"2120 N PREISKER LANE, SANTA MARIA, CA, 93458, US"
Chili,3.39/4.19,240/340,"2120 N PREISKER LANE, SANTA MARIA, CA, 93458, US"
Sour Cream and Chive Baked Potato,3.39,310,"2120 N PREISKER LANE, SANTA MARIA, CA, 93458, US"
Plain Baked Potato,3.39,270,"2120 N PREISKER LANE, SANTA MARIA, CA, 93458, US"
Bacon Cheese Baked Potato,4.29,440,"2120 N PREISKER LANE, SANTA MARIA, CA, 93458, US"
Chili & Cheese Baked Potato,4.29,500,"2120 N PREISKER LANE, SANTA MARIA, CA, 93458, US"
Cheese Baked Potato,4.29,450,"2120 N PREISKER LANE, SANTA MARIA, CA, 93458, US"
Apple Bites,1.69,35,"2120 N PREISKER LANE, SANTA MARIA, CA, 93458, US"
6 PC. Crispy Chicken Nuggets,3.39,270,"2120 N PREISKER LANE, SANTA MARIA, CA, 93458, US"
4 PC. Crispy Chicken Nuggets,2.39,180,"2120 N PREISKER LANE, SANTA MARIA, CA, 93458, US"
6 PC. Spicy Chicken Nuggets,3.39,280,"2120 N PREISKER LANE, SANTA MARIA, CA, 93458, US"
4 PC. Spicy Chicken Nuggets,2.39,190,"2120 N PREISKER LANE, SANTA MARIA, CA, 93458, US"
Pretzel Baconator®,10.19,"1,050","5724 HOLLI, GOLETA, CA, 93117, US"
Dave's Single®,6.79,590,"5724 HOLLI, GOLETA, CA, 93117, US"
Dave's Double®,8.19,860,"5724 HOLLI, GOLETA, CA, 93117, US"
Dave's Triple®,9.59,"1,160","5724 HOLLI, GOLETA, CA, 93117, US"
Baconator®,9.39,960,"5724 HOLLI, GOLETA, CA, 93117, US"
Son of Baconator®,7.39,630,"5724 HOLLI, GOLETA, CA, 93117, US"
Big Bacon Classic®,7.39,650,"5724 HOLLI, GOLETA, CA, 93117, US"
Big Bacon Classic® Double,8.59,910,"5724 HOLLI, GOLETA, CA, 93117, US"
Big Bacon Classic Triple,9.79,"1,220","5724 HOLLI, GOLETA, CA, 93117, US"
Bacon Double Stack,4.19,440,"5724 HOLLI, GOLETA, CA, 93117, US"
Jr. Bacon Cheeseburger,3.69,370,"5724 HOLLI, GOLETA, CA, 93117, US"
Jr. Cheeseburger Deluxe,3.29,340,"5724 HOLLI, GOLETA, CA, 93117, US"
Jr. Cheeseburger,2.99,290,"5724 HOLLI, GOLETA, CA, 93117, US"
Double Stack™,3.69,410,"5724 HOLLI, GOLETA, CA, 93117, US"
Jr. Hamburger,2.69,250,"5724 HOLLI, GOLETA, CA, 93117, US"
French Fries,2.29-4.29,210-470,"5724 HOLLI, GOLETA, CA, 93117, US"
Baconator Fries,4.59,460,"5724 HOLLI, GOLETA, CA, 93117, US"
Chili Cheese Fries,4.59,520,"5724 HOLLI, GOLETA, CA, 93117, US"
Cheese Fries,3.99,470,"5724 HOLLI, GOLETA, CA, 93117, US"
Chili,4.19/5.19,240/340,"5724 HOLLI, GOLETA, CA, 93117, US"
Sour Cream and Chive Baked Potato,3.69,310,"5724 HOLLI, GOLETA, CA, 93117, US"
Plain Baked Potato,3.49,270,"5724 HOLLI, GOLETA, CA, 93117, US"
Bacon Cheese Baked Potato,4.89,440,"5724 HOLLI, GOLETA, CA, 93117, US"
Chili & Cheese Baked Potato,4.89,500,"5724 HOLLI, GOLETA, CA, 93117, US"
Cheese Baked Potato,4.39,450,"5724 HOLLI, GOLETA, CA, 93117, US"
Apple Bites,1.29,35,"5724 HOLLI, GOLETA, CA, 93117, US"
6 PC. Crispy Chicken Nuggets,3.49,270,"5724 HOLLI, GOLETA, CA, 93117, US"
4 PC. Crispy Chicken Nuggets,2.69,180,"5724 HOLLI, GOLETA, CA, 93117, US"
6 PC. Spicy Chicken Nuggets,3.49,280,"5724 HOLLI, GOLETA, CA, 93117, US"
4 PC. Spicy Chicken Nuggets,2.69,190,"5724 HOLLI, GOLETA, CA, 93117, US"
Pretzel Baconator®,11.49,"1,050","2275 Mc Kee Road, San Jose, CA, 95133, US"
Dave's Single®,8.49,590,"2275 Mc Kee Road, San Jose, CA, 95133, US"
Dave's Double®,9.69,860,"2275 Mc Kee Road, San Jose, CA, 95133, US"
Dave's Triple®,10.89,"1,160","2275 Mc Kee Road, San Jose, CA, 95133, US"
Baconator®,10.89,960,"2275 Mc Kee Road, San Jose, CA, 95133, US"
Son of Baconator®,7.79,630,"2275 Mc Kee Road, San Jose, CA, 95133, US"
Big Bacon Classic®,8.59,650,"2275 Mc Kee Road, San Jose, CA, 95133, US"
Big Bacon Classic® Double,9.49,920,"2275 Mc Kee Road, San Jose, CA, 95133, US"
Big Bacon Classic Triple,10.49,"1,220","2275 Mc Kee Road, San Jose, CA, 95133, US"
Bacon Double Stack,4.29,440,"2275 Mc Kee Road, San Jose, CA, 95133, US"
Jr. Bacon Cheeseburger,4.49,370,"2275 Mc Kee Road, San Jose, CA, 95133, US"
Jr. Cheeseburger Deluxe,4.29,340,"2275 Mc Kee Road, San Jose, CA, 95133, US"
Jr. Cheeseburger Deluxe,4.29,350,"2275 Mc Kee Road, San Jose, CA, 95133, US"
Jr. Cheeseburger,3.49,290,"2275 Mc Kee Road, San Jose, CA, 95133, US"
Double Stack™,3.99,410,"2275 Mc Kee Road, San Jose, CA, 95133, US"
Jr. Hamburger,2.39,250,"2275 Mc Kee Road, San Jose, CA, 95133, US"
French Fries,3.19-4.69,210-470,"2275 Mc Kee Road, San Jose, CA, 95133, US"
Baconator Fries,4.39,460,"2275 Mc Kee Road, San Jose, CA, 95133, US"
Chili Cheese Fries,3.99,520,"2275 Mc Kee Road, San Jose, CA, 95133, US"
Cheese Fries,2.99,470,"2275 Mc Kee Road, San Jose, CA, 95133, US"
Chili,3.99/5.19,240/340,"2275 Mc Kee Road, San Jose, CA, 95133, US"
Sour Cream and Chive Baked Potato,4.19,310,"2275 Mc Kee Road, San Jose, CA, 95133, US"
Plain Baked Potato,3.89,270,"2275 Mc Kee Road, San Jose, CA, 95133, US"
Bacon Cheese Baked Potato,4.49,440,"2275 Mc Kee Road, San Jose, CA, 95133, US"
Chili & Cheese Baked Potato,4.19,500,"2275 Mc Kee Road, San Jose, CA, 95133, US"
Cheese Baked Potato,3.69,450,"2275 Mc Kee Road, San Jose, CA, 95133, US"
Apple Bites,1.49,35,"2275 Mc Kee Road, San Jose, CA, 95133, US"
6 PC. Crispy Chicken Nuggets,3.99,270,"2275 Mc Kee Road, San Jose, CA, 95133, US"
4 PC. Crispy Chicken Nuggets,3.39,180,"2275 Mc Kee Road, San Jose, CA, 95133, US"
6 PC. Spicy Chicken Nuggets,3.99,280,"2275 Mc Kee Road, San Jose, CA, 95133, US"
4 PC. Spicy Chicken Nuggets,3.39,190,"2275 Mc Kee Road, San Jose, CA, 95133, US"
Pretzel Baconator®,11.49,"1,050","1313 S. Wolfe Road, Sunnyvale, CA, 94087, US"
Dave's Single®,8.25,590,"1313 S. Wolfe Road, Sunnyvale, CA, 94087, US"
Dave's Double®,9.59,860,"1313 S. Wolfe Road, Sunnyvale, CA, 94087, US"
Dave's Triple®,10.79,"1,160","1313 S. Wolfe Road, Sunnyvale, CA, 94087, US"
Baconator®,10.49,960,"1313 S. Wolfe Road, Sunnyvale, CA, 94087, US"
Son of Baconator®,7.59,630,"1313 S. Wolfe Road, Sunnyvale, CA, 94087, US"
Big Bacon Classic®,8.49,650,"1313 S. Wolfe Road, Sunnyvale, CA, 94087, US"
Big Bacon Classic® Double,9.79,910,"1313 S. Wolfe Road, Sunnyvale, CA, 94087, US"
Big Bacon Classic Triple,10.89,"1,220","1313 S. Wolfe Road, Sunnyvale, CA, 94087, US"
Bacon Double Stack,4.59,440,"1313 S. Wolfe Road, Sunnyvale, CA, 94087, US"
Jr. Bacon Cheeseburger,4.29,370,"1313 S. Wolfe Road, Sunnyvale, CA, 94087, US"
Jr. Cheeseburger Deluxe,4.29,340,"1313 S. Wolfe Road, Sunnyvale, CA, 94087, US"
Jr. Cheeseburger,3.39,290,"1313 S. Wolfe Road, Sunnyvale, CA, 94087, US"
Double Stack™,4.39,410,"1313 S. Wolfe Road, Sunnyvale, CA, 94087, US"
Jr. Hamburger,2.99,250,"1313 S. Wolfe Road, Sunnyvale, CA, 94087, US"
French Fries,3.09-4.75,210-470,"1313 S. Wolfe Road, Sunnyvale, CA, 94087, US"
Baconator Fries,4.45,460,"1313 S. Wolfe Road, Sunnyvale, CA, 94087, US"
Chili Cheese Fries,4.95,520,"1313 S. Wolfe Road, Sunnyvale, CA, 94087, US"
Cheese Fries,2.25,470,"1313 S. Wolfe Road, Sunnyvale, CA, 94087, US"
Family Chili,22.99,"1,100","1313 S. Wolfe Road, Sunnyvale, CA, 94087, US"
Chili,3.89/4.99,240/340,"1313 S. Wolfe Road, Sunnyvale, CA, 94087, US"
Sour Cream and Chive Baked Potato,3.89,310,"1313 S. Wolfe Road, Sunnyvale, CA, 94087, US"
Plain Baked Potato,3.59,270,"1313 S. Wolfe Road, Sunnyvale, CA, 94087, US"
Bacon Cheese Baked Potato,4.15,440,"1313 S. Wolfe Road, Sunnyvale, CA, 94087, US"
Chili & Cheese Baked Potato,4.15,500,"1313 S. Wolfe Road, Sunnyvale, CA, 94087, US"
Cheese Baked Potato,3.89,450,"1313 S. Wolfe Road, Sunnyvale, CA, 94087, US"
Apple Bites,1.99,35,"1313 S. Wolfe Road, Sunnyvale, CA, 94087, US"
6 PC. Crispy Chicken Nuggets,3.99,270,"1313 S. Wolfe Road, Sunnyvale, CA, 94087, US"
4 PC. Crispy Chicken Nuggets,3.29,180,"1313 S. Wolfe Road, Sunnyvale, CA, 94087, US"
6 PC. Spicy Chicken Nuggets,3.99,280,"1313 S. Wolfe Road, Sunnyvale, CA, 94087, US"
4 PC. Spicy Chicken Nuggets,3.29,190,"1313 S. Wolfe Road, Sunnyvale, CA, 94087, US"
Pretzel Baconator®,9.69,"1,050","1480 Freedom Blvd, Watsonville, CA, 95076, US"
Dave's Single®,7.59,590,"1480 Freedom Blvd, Watsonville, CA, 95076, US"
Dave's Double®,8.69,860,"1480 Freedom Blvd, Watsonville, CA, 95076, US"
Dave's Triple®,9.69,"1,160","1480 Freedom Blvd, Watsonville, CA, 95076, US"
Baconator®,9.59,960,"1480 Freedom Blvd, Watsonville, CA, 95076, US"
Son of Baconator®,7.89,630,"1480 Freedom Blvd, Watsonville, CA, 95076, US"
Big Bacon Classic®,8.59,650,"1480 Freedom Blvd, Watsonville, CA, 95076, US"
Big Bacon Classic® Double,9.09,920,"1480 Freedom Blvd, Watsonville, CA, 95076, US"
Big Bacon Classic Triple,10.09,"1,220","1480 Freedom Blvd, Watsonville, CA, 95076, US"
Bacon Double Stack,4.29,440,"1480 Freedom Blvd, Watsonville, CA, 95076, US"
Jr. Bacon Cheeseburger,3.99,370,"1480 Freedom Blvd, Watsonville, CA, 95076, US"
Jr. Cheeseburger Deluxe,4.39,350,"1480 Freedom Blvd, Watsonville, CA, 95076, US"
Jr. Cheeseburger,3.09,290,"1480 Freedom Blvd, Watsonville, CA, 95076, US"
Double Stack™,3.99,410,"1480 Freedom Blvd, Watsonville, CA, 95076, US"
Jr. Hamburger,2.79,250,"1480 Freedom Blvd, Watsonville, CA, 95076, US"
French Fries,3.09-4.29,210-470,"1480 Freedom Blvd, Watsonville, CA, 95076, US"
Baconator Fries,4.39,460,"1480 Freedom Blvd, Watsonville, CA, 95076, US"
Chili Cheese Fries,4.29,520,"1480 Freedom Blvd, Watsonville, CA, 95076, US"
Cheese Fries,3.29,470,"1480 Freedom Blvd, Watsonville, CA, 95076, US"
Chili,3.99/4.99,240/340,"1480 Freedom Blvd, Watsonville, CA, 95076, US"
Sour Cream and Chive Baked Potato,3.49,310,"1480 Freedom Blvd, Watsonville, CA, 95076, US"
Plain Baked Potato,3.49,270,"1480 Freedom Blvd, Watsonville, CA, 95076, US"
Bacon Cheese Baked Potato,4.39,440,"1480 Freedom Blvd, Watsonville, CA, 95076, US"
Chili & Cheese Baked Potato,4.59,500,"1480 Freedom Blvd, Watsonville, CA, 95076, US"
Cheese Baked Potato,3.49,450,"1480 Freedom Blvd, Watsonville, CA, 95076, US"
Apple Bites,1.49,35,"1480 Freedom Blvd, Watsonville, CA, 95076, US"
6 PC. Crispy Chicken Nuggets,3.69,270,"1480 Freedom Blvd, Watsonville, CA, 95076, US"
4 PC. Crispy Chicken Nuggets,2.89,180,"1480 Freedom Blvd, Watsonville, CA, 95076, US"
6 PC. Spicy Chicken Nuggets,3.69,280,"1480 Freedom Blvd, Watsonville, CA, 95076, US"
4 PC. Spicy Chicken Nuggets,2.89,190,"1480 Freedom Blvd, Watsonville, CA, 95076, US"
Pretzel Baconator®,9.49,"1,050","1001 Redwood, Vallejo, CA, 94590, US"
Dave's Single®,6.49,590,"1001 Redwood, Vallejo, CA, 94590, US"
Dave's Double®,7.69,860,"1001 Redwood, Vallejo, CA, 94590, US"
Dave's Triple®,8.89,"1,160","1001 Redwood, Vallejo, CA, 94590, US"
Baconator®,8.59,960,"1001 Redwood, Vallejo, CA, 94590, US"
Son of Baconator®,7.19,630,"1001 Redwood, Vallejo, CA, 94590, US"
Big Bacon Classic®,7.19,650,"1001 Redwood, Vallejo, CA, 94590, US"
Big Bacon Classic® Double,8.39,920,"1001 Redwood, Vallejo, CA, 94590, US"
Big Bacon Classic Triple,9.59,"1,220","1001 Redwood, Vallejo, CA, 94590, US"
Bacon Double Stack,3.39,440,"1001 Redwood, Vallejo, CA, 94590, US"
Jr. Bacon Cheeseburger,2.99,370,"1001 Redwood, Vallejo, CA, 94590, US"
Jr. Cheeseburger Deluxe,2.79,350,"1001 Redwood, Vallejo, CA, 94590, US"
Jr. Cheeseburger,2.49,290,"1001 Redwood, Vallejo, CA, 94590, US"
Double Stack™,2.99,410,"1001 Redwood, Vallejo, CA, 94590, US"
Jr. Hamburger,2.19,250,"1001 Redwood, Vallejo, CA, 94590, US"
French Fries,2.19-3.49,210-470,"1001 Redwood, Vallejo, CA, 94590, US"
Baconator Fries,2.99,460,"1001 Redwood, Vallejo, CA, 94590, US"
Chili Cheese Fries,2.99,520,"1001 Redwood, Vallejo, CA, 94590, US"
Cheese Fries,2.79,470,"1001 Redwood, Vallejo, CA, 94590, US"
Chili,3.19/3.89,240/340,"1001 Redwood, Vallejo, CA, 94590, US"
Sour Cream and Chive Baked Potato,2.99,310,"1001 Redwood, Vallejo, CA, 94590, US"
Sour Cream Baked Potato,1.29,300,"1001 Redwood, Vallejo, CA, 94590, US"
Plain Baked Potato,2.69,270,"1001 Redwood, Vallejo, CA, 94590, US"
Bacon Cheese Baked Potato,4.19,440,"1001 Redwood, Vallejo, CA, 94590, US"
Chili & Cheese Baked Potato,4.19,500,"1001 Redwood, Vallejo, CA, 94590, US"
Cheese Baked Potato,3.49,450,"1001 Redwood, Vallejo, CA, 94590, US"
Apple Bites,0.99,35,"1001 Redwood, Vallejo, CA, 94590, US"
6 PC. Crispy Chicken Nuggets,3.29,270,"1001 Redwood, Vallejo, CA, 94590, US"
4 PC. Crispy Chicken Nuggets,2.69,180,"1001 Redwood, Vallejo, CA, 94590, US"
6 PC. Spicy Chicken Nuggets,3.29,280,"1001 Redwood, Vallejo, CA, 94590, US"
4 PC. Spicy Chicken Nuggets,2.69,190,"1001 Redwood, Vallejo, CA, 94590, US"
Pretzel Baconator®,9.59,"1,050","2045 North Texas, Fairfield, CA, 94533, US"
Dave's Single®,6.49,590,"2045 North Texas, Fairfield, CA, 94533, US"
Dave's Double®,7.69,860,"2045 North Texas, Fairfield, CA, 94533, US"
Dave's Triple®,8.89,"1,160","2045 North Texas, Fairfield, CA, 94533, US"
Baconator®,8.59,960,"2045 North Texas, Fairfield, CA, 94533, US"
Son of Baconator®,6.89,630,"2045 North Texas, Fairfield, CA, 94533, US"
Big Bacon Classic®,6.99,650,"2045 North Texas, Fairfield, CA, 94533, US"
Big Bacon Classic® Double,8.19,920,"2045 North Texas, Fairfield, CA, 94533, US"
Big Bacon Classic Triple,9.39,"1,220","2045 North Texas, Fairfield, CA, 94533, US"
Bacon Double Stack,3.39,440,"2045 North Texas, Fairfield, CA, 94533, US"
Jr. Bacon Cheeseburger,2.99,370,"2045 North Texas, Fairfield, CA, 94533, US"
Jr. Cheeseburger Deluxe,2.69,350,"2045 North Texas, Fairfield, CA, 94533, US"
Jr. Cheeseburger,2.49,290,"2045 North Texas, Fairfield, CA, 94533, US"
Double Stack™,2.99,410,"2045 North Texas, Fairfield, CA, 94533, US"
Jr. Hamburger,2.19,250,"2045 North Texas, Fairfield, CA, 94533, US"
French Fries,2.19-3.49,210-470,"2045 North Texas, Fairfield, CA, 94533, US"
Baconator Fries,2.99,460,"2045 North Texas, Fairfield, CA, 94533, US"
Chili Cheese Fries,2.99,520,"2045 North Texas, Fairfield, CA, 94533, US"
Cheese Fries,2.79,470,"2045 North Texas, Fairfield, CA, 94533, US"
Chili,2.99/3.89,240/340,"2045 North Texas, Fairfield, CA, 94533, US"
Sour Cream and Chive Baked Potato,2.89,310,"2045 North Texas, Fairfield, CA, 94533, US"
Plain Baked Potato,2.69,270,"2045 North Texas, Fairfield, CA, 94533, US"
Bacon Cheese Baked Potato,3.99,440,"2045 North Texas, Fairfield, CA, 94533, US"
Chili & Cheese Baked Potato,3.99,500,"2045 North Texas, Fairfield, CA, 94533, US"
Cheese Baked Potato,3.49,450,"2045 North Texas, Fairfield, CA, 94533, US"
Apple Bites,0.99,35,"2045 North Texas, Fairfield, CA, 94533, US"
6 PC. Crispy Chicken Nuggets,3.39,270,"2045 North Texas, Fairfield, CA, 94533, US"
4 PC. Crispy Chicken Nuggets,2.79,180,"2045 North Texas, Fairfield, CA, 94533, US"
6 PC. Spicy Chicken Nuggets,3.39,280,"2045 North Texas, Fairfield, CA, 94533, US"
4 PC. Spicy Chicken Nuggets,2.79,190,"2045 North Texas, Fairfield, CA, 94533, US"
Pretzel Baconator®,9.49,"1,050","1850, Santa Rosa, CA, 95407, US"
Dave's Single®,6.49,590,"1850, Santa Rosa, CA, 95407, US"
Dave's Double®,7.69,860,"1850, Santa Rosa, CA, 95407, US"
Dave's Triple®,8.89,"1,160","1850, Santa Rosa, CA, 95407, US"
Baconator®,8.59,960,"1850, Santa Rosa, CA, 95407, US"
Son of Baconator®,7.19,630,"1850, Santa Rosa, CA, 95407, US"
Big Bacon Classic®,7.19,650,"1850, Santa Rosa, CA, 95407, US"
Big Bacon Classic® Double,8.39,920,"1850, Santa Rosa, CA, 95407, US"
Big Bacon Classic Triple,9.59,"1,220","1850, Santa Rosa, CA, 95407, US"
Bacon Double Stack,3.39,440,"1850, Santa Rosa, CA, 95407, US"
Jr. Bacon Cheeseburger,2.99,370,"1850, Santa Rosa, CA, 95407, US"
Jr. Cheeseburger Deluxe,2.79,350,"1850, Santa Rosa, CA, 95407, US"
Jr. Cheeseburger,2.49,290,"1850, Santa Rosa, CA, 95407, US"
Double Stack™,2.99,410,"1850, Santa Rosa, CA, 95407, US"
Jr. Hamburger,2.19,250,"1850, Santa Rosa, CA, 95407, US"
French Fries,2.19-3.49,210-470,"1850, Santa Rosa, CA, 95407, US"
Baconator Fries,2.99,460,"1850, Santa Rosa, CA, 95407, US"
Chili Cheese Fries,2.99,520,"1850, Santa Rosa, CA, 95407, US"
Cheese Fries,2.79,470,"1850, Santa Rosa, CA, 95407, US"
Chili,3.19/3.89,240/340,"1850, Santa Rosa, CA, 95407, US"
Sour Cream and Chive Baked Potato,2.99,310,"1850, Santa Rosa, CA, 95407, US"
Plain Baked Potato,2.69,270,"1850, Santa Rosa, CA, 95407, US"
Bacon Cheese Baked Potato,4.19,440,"1850, Santa Rosa, CA, 95407, US"
Chili & Cheese Baked Potato,4.19,500,"1850, Santa Rosa, CA, 95407, US"
Cheese Baked Potato,3.49,450,"1850, Santa Rosa, CA, 95407, US"
Apple Bites,0.99,35,"1850, Santa Rosa, CA, 95407, US"
6 PC. Crispy Chicken Nuggets,3.29,270,"1850, Santa Rosa, CA, 95407, US"
4 PC. Crispy Chicken Nuggets,2.69,180,"1850, Santa Rosa, CA, 95407, US"
6 PC. Spicy Chicken Nuggets,3.29,280,"1850, Santa Rosa, CA, 95407, US"
4 PC. Spicy Chicken Nuggets,2.69,190,"1850, Santa Rosa, CA, 95407, US"
Pretzel Baconator®,10.89,"1,050","1501 Mchenry Ave, Modesto, CA, 95350, US"
Dave's Single®,7.49,590,"1501 Mchenry Ave, Modesto, CA, 95350, US"
Dave's Double®,8.99,860,"1501 Mchenry Ave, Modesto, CA, 95350, US"
Dave's Triple®,10.49,"1,160","1501 Mchenry Ave, Modesto, CA, 95350, US"
Baconator®,9.99,960,"1501 Mchenry Ave, Modesto, CA, 95350, US"
Son of Baconator®,7.89,630,"1501 Mchenry Ave, Modesto, CA, 95350, US"
Big Bacon Classic®,8.49,650,"1501 Mchenry Ave, Modesto, CA, 95350, US"
Big Bacon Classic® Double,9.69,910,"1501 Mchenry Ave, Modesto, CA, 95350, US"
Big Bacon Classic Triple,10.89,"1,220","1501 Mchenry Ave, Modesto, CA, 95350, US"
Bacon Double Stack,4.69,440,"1501 Mchenry Ave, Modesto, CA, 95350, US"
Jr. Bacon Cheeseburger,3.79,370,"1501 Mchenry Ave, Modesto, CA, 95350, US"
Jr. Cheeseburger Deluxe,3.59,340,"1501 Mchenry Ave, Modesto, CA, 95350, US"
Jr. Cheeseburger,2.99,290,"1501 Mchenry Ave, Modesto, CA, 95350, US"
Double Stack™,3.99,410,"1501 Mchenry Ave, Modesto, CA, 95350, US"
Jr. Hamburger,2.59,250,"1501 Mchenry Ave, Modesto, CA, 95350, US"
French Fries,2.19-3.79,210-470,"1501 Mchenry Ave, Modesto, CA, 95350, US"
Baconator Fries,4.19,460,"1501 Mchenry Ave, Modesto, CA, 95350, US"
Chili Cheese Fries,4.19,520,"1501 Mchenry Ave, Modesto, CA, 95350, US"
Cheese Fries,2.99,470,"1501 Mchenry Ave, Modesto, CA, 95350, US"
Chili,3.39/4.29,240/340,"1501 Mchenry Ave, Modesto, CA, 95350, US"
Apple Bites,1.69,35,"1501 Mchenry Ave, Modesto, CA, 95350, US"
6 PC. Crispy Chicken Nuggets,3.59,270,"1501 Mchenry Ave, Modesto, CA, 95350, US"
4 PC. Crispy Chicken Nuggets,2.99,180,"1501 Mchenry Ave, Modesto, CA, 95350, US"
6 PC. Spicy Chicken Nuggets,3.59,280,"1501 Mchenry Ave, Modesto, CA, 95350, US"
4 PC. Spicy Chicken Nuggets,2.99,190,"1501 Mchenry Ave, Modesto, CA, 95350, US"
Pretzel Baconator®,9.99,"1,050","2010 N. ROSE AVENUE, OXNARD, CA, 93036, US"
Dave's Single®,6.39,590,"2010 N. ROSE AVENUE, OXNARD, CA, 93036, US"
Dave's Double®,7.89,860,"2010 N. ROSE AVENUE, OXNARD, CA, 93036, US"
Dave's Triple®,9.39,"1,160","2010 N. ROSE AVENUE, OXNARD, CA, 93036, US"
Baconator®,9.19,960,"2010 N. ROSE AVENUE, OXNARD, CA, 93036, US"
Son of Baconator®,7.19,630,"2010 N. ROSE AVENUE, OXNARD, CA, 93036, US"
Big Bacon Classic®,7.19,650,"2010 N. ROSE AVENUE, OXNARD, CA, 93036, US"
Big Bacon Classic® Double,8.39,910,"2010 N. ROSE AVENUE, OXNARD, CA, 93036, US"
Big Bacon Classic Triple,9.59,"1,220","2010 N. ROSE AVENUE, OXNARD, CA, 93036, US"
Bacon Double Stack,3.99,440,"2010 N. ROSE AVENUE, OXNARD, CA, 93036, US"
Jr. Bacon Cheeseburger,3.49,370,"2010 N. ROSE AVENUE, OXNARD, CA, 93036, US"
Jr. Cheeseburger Deluxe,2.99,340,"2010 N. ROSE AVENUE, OXNARD, CA, 93036, US"
Jr. Cheeseburger,2.89,290,"2010 N. ROSE AVENUE, OXNARD, CA, 93036, US"
Double Stack™,3.49,410,"2010 N. ROSE AVENUE, OXNARD, CA, 93036, US"
Jr. Hamburger,2.59,250,"2010 N. ROSE AVENUE, OXNARD, CA, 93036, US"
French Fries,2.19-4.19,210-470,"2010 N. ROSE AVENUE, OXNARD, CA, 93036, US"
Baconator Fries,4.49,460,"2010 N. ROSE AVENUE, OXNARD, CA, 93036, US"
Chili Cheese Fries,4.49,520,"2010 N. ROSE AVENUE, OXNARD, CA, 93036, US"
Cheese Fries,3.89,470,"2010 N. ROSE AVENUE, OXNARD, CA, 93036, US"
Chili,3.99/4.99,240/340,"2010 N. ROSE AVENUE, OXNARD, CA, 93036, US"
Sour Cream and Chive Baked Potato,3.59,310,"2010 N. ROSE AVENUE, OXNARD, CA, 93036, US"
Plain Baked Potato,3.39,270,"2010 N. ROSE AVENUE, OXNARD, CA, 93036, US"
Bacon Cheese Baked Potato,4.79,440,"2010 N. ROSE AVENUE, OXNARD, CA, 93036, US"
Chili & Cheese Baked Potato,4.79,500,"2010 N. ROSE AVENUE, OXNARD, CA, 93036, US"
Cheese Baked Potato,4.19,450,"2010 N. ROSE AVENUE, OXNARD, CA, 93036, US"
Apple Bites,1.19,35,"2010 N. ROSE AVENUE, OXNARD, CA, 93036, US"
6 PC. Crispy Chicken Nuggets,3.19,270,"2010 N. ROSE AVENUE, OXNARD, CA, 93036, US"
4 PC. Crispy Chicken Nuggets,2.49,180,"2010 N. ROSE AVENUE, OXNARD, CA, 93036, US"
6 PC. Spicy Chicken Nuggets,3.19,280,"2010 N. ROSE AVENUE, OXNARD, CA, 93036, US"
4 PC. Spicy Chicken Nuggets,2.49,190,"2010 N. ROSE AVENUE, OXNARD, CA, 93036, US"
